file,category,tool,cores,ratio,spread,size,error
arxiv/1406.2661v1.pdf,paper,mupdf,1,1.0000,0.0000,1.0000,
arxiv/1406.2661v1.pdf,paper,cera,1,0.6894,0.0242,1.1666,
arxiv/1406.2661v1.pdf,paper,cera-stream,1,0.7008,0.1380,1.1690,
arxiv/1406.2661v1.pdf,paper,cera-stdlib,1,0.7903,0.0262,1.1668,
arxiv/1406.2661v1.pdf,paper,poppler,1,5.6785,0.0160,1.1045,
arxiv/1406.2661v1.pdf,paper,ghostscript,1,2.3649,0.0558,0.5117,
arxiv/1406.2661v1.pdf,paper,mupdf,16,1.0000,0.0000,1.0000,
arxiv/1406.2661v1.pdf,paper,cera,16,0.3215,0.0175,1.1673,
arxiv/1406.2661v1.pdf,paper,cera-stream,16,0.3799,0.0388,1.1689,
arxiv/1406.2661v1.pdf,paper,cera-stdlib,16,0.8045,0.0368,1.1666,
arxiv/1406.2661v1.pdf,paper,poppler,16,6.2491,0.0782,1.1042,
arxiv/1406.2661v1.pdf,paper,ghostscript,16,2.6242,0.0812,0.5116,
arxiv/1512.03385v1.pdf,paper,mupdf,1,1.0000,0.0000,1.0000,
arxiv/1512.03385v1.pdf,paper,cera,1,0.8286,0.1224,1.3604,
arxiv/1512.03385v1.pdf,paper,cera-stream,1,0.8295,0.0522,1.3626,
arxiv/1512.03385v1.pdf,paper,cera-stdlib,1,0.9453,0.2183,1.3606,
arxiv/1512.03385v1.pdf,paper,poppler,1,7.1335,0.0701,1.2312,
arxiv/1512.03385v1.pdf,paper,ghostscript,1,2.6652,0.0202,0.5543,
arxiv/1512.03385v1.pdf,paper,mupdf,16,1.0000,0.0000,1.0000,
arxiv/1512.03385v1.pdf,paper,cera,16,0.3018,0.0257,1.3605,
arxiv/1512.03385v1.pdf,paper,cera-stream,16,0.3917,0.0525,1.3626,
arxiv/1512.03385v1.pdf,paper,cera-stdlib,16,0.8454,0.0419,1.3604,
arxiv/1512.03385v1.pdf,paper,poppler,16,6.9655,0.0524,1.2310,
arxiv/1512.03385v1.pdf,paper,ghostscript,16,2.6314,0.0792,0.5542,
arxiv/1706.03762v7.pdf,paper,mupdf,1,1.0000,0.0000,1.0000,
arxiv/1706.03762v7.pdf,paper,cera,1,0.6222,0.0067,1.2937,
arxiv/1706.03762v7.pdf,paper,cera-stream,1,0.6060,0.0113,1.2957,
arxiv/1706.03762v7.pdf,paper,cera-stdlib,1,0.6995,0.0370,1.2939,
arxiv/1706.03762v7.pdf,paper,poppler,1,5.0617,0.0184,1.1586,
arxiv/1706.03762v7.pdf,paper,ghostscript,1,2.4036,0.0826,0.5570,
arxiv/1706.03762v7.pdf,paper,mupdf,16,1.0000,0.0000,1.0000,
arxiv/1706.03762v7.pdf,paper,cera,16,0.3164,0.0425,1.2949,
arxiv/1706.03762v7.pdf,paper,cera-stream,16,0.3421,0.0130,1.2956,
arxiv/1706.03762v7.pdf,paper,cera-stdlib,16,0.7274,0.0347,1.2933,
arxiv/1706.03762v7.pdf,paper,poppler,16,5.7683,0.0354,1.1581,
arxiv/1706.03762v7.pdf,paper,ghostscript,16,2.4779,0.0172,0.5567,
arxiv/2010.11929v2.pdf,paper,mupdf,1,1.0000,0.0000,1.0000,
arxiv/2010.11929v2.pdf,paper,cera,1,0.7599,0.0164,1.1988,
arxiv/2010.11929v2.pdf,paper,cera-stream,1,0.7327,0.0456,1.2003,
arxiv/2010.11929v2.pdf,paper,cera-stdlib,1,0.8269,0.0705,1.1990,
arxiv/2010.11929v2.pdf,paper,poppler,1,5.7858,0.0392,1.0925,
arxiv/2010.11929v2.pdf,paper,ghostscript,1,2.8290,0.0251,0.5959,
arxiv/2010.11929v2.pdf,paper,mupdf,16,1.0000,0.0000,1.0000,
arxiv/2010.11929v2.pdf,paper,cera,16,0.3786,0.0664,1.1996,
arxiv/2010.11929v2.pdf,paper,cera-stream,16,0.4267,0.0343,1.2002,
arxiv/2010.11929v2.pdf,paper,cera-stdlib,16,0.8888,0.0242,1.1988,
arxiv/2010.11929v2.pdf,paper,poppler,16,6.7397,0.0553,1.0924,
arxiv/2010.11929v2.pdf,paper,ghostscript,16,3.1127,0.0494,0.5958,
pdfjs/TrueType_without_cmap.pdf,text,mupdf,1,1.0000,0.0000,1.0000,
pdfjs/TrueType_without_cmap.pdf,text,cera,1,0.9404,0.0636,1.2533,
pdfjs/TrueType_without_cmap.pdf,text,cera-stream,1,0.9350,0.1358,1.2533,
pdfjs/TrueType_without_cmap.pdf,text,cera-stdlib,1,0.9323,0.3009,1.2477,
pdfjs/TrueType_without_cmap.pdf,text,poppler,1,3.0851,1.2191,1.0533,
pdfjs/TrueType_without_cmap.pdf,text,ghostscript,1,8.4114,0.1059,0.7346,
pdfjs/TrueType_without_cmap.pdf,text,mupdf,16,1.0000,0.0000,1.0000,
pdfjs/TrueType_without_cmap.pdf,text,cera,16,0.9544,0.0109,1.2533,
pdfjs/TrueType_without_cmap.pdf,text,cera-stream,16,0.9189,0.0723,1.2533,
pdfjs/TrueType_without_cmap.pdf,text,cera-stdlib,16,0.9303,0.0429,1.2477,
pdfjs/TrueType_without_cmap.pdf,text,poppler,16,2.5573,0.0215,1.0533,
pdfjs/TrueType_without_cmap.pdf,text,ghostscript,16,8.1636,0.0272,0.7346,
pdfjs/annotation-caret-ink.pdf,vector,mupdf,1,1.0000,0.0000,1.0000,
pdfjs/annotation-caret-ink.pdf,vector,cera,1,0.5622,0.0197,2.6595,
pdfjs/annotation-caret-ink.pdf,vector,cera-stream,1,0.5557,0.0239,2.6595,
pdfjs/annotation-caret-ink.pdf,vector,cera-stdlib,1,0.6717,0.0157,2.6595,
pdfjs/annotation-caret-ink.pdf,vector,poppler,1,2.0612,0.0446,0.9280,
pdfjs/annotation-caret-ink.pdf,vector,ghostscript,1,3.7751,0.0469,0.8971,
pdfjs/annotation-caret-ink.pdf,vector,mupdf,16,1.0000,0.0000,1.0000,
pdfjs/annotation-caret-ink.pdf,vector,cera,16,0.5882,0.0610,2.7073,
pdfjs/annotation-caret-ink.pdf,vector,cera-stream,16,0.5762,0.1050,2.7073,
pdfjs/annotation-caret-ink.pdf,vector,cera-stdlib,16,0.7081,0.0605,2.6559,
pdfjs/annotation-caret-ink.pdf,vector,poppler,16,2.1883,0.1210,0.9267,
pdfjs/annotation-caret-ink.pdf,vector,ghostscript,16,3.9966,0.1322,0.8959,
pdfjs/bitmap-composite-and-xnor-text.pdf,scan,mupdf,1,1.0000,0.0000,1.0000,
pdfjs/bitmap-composite-and-xnor-text.pdf,scan,cera,1,0.6997,0.0523,1.7036,
pdfjs/bitmap-composite-and-xnor-text.pdf,scan,cera-stream,1,0.7717,0.1078,1.7036,
pdfjs/bitmap-composite-and-xnor-text.pdf,scan,cera-stdlib,1,0.7561,0.1383,1.7022,
pdfjs/bitmap-composite-and-xnor-text.pdf,scan,poppler,1,2.8672,0.0476,2.6285,
pdfjs/bitmap-composite-and-xnor-text.pdf,scan,ghostscript,1,5.3268,0.0661,0.6390,
pdfjs/bitmap-composite-and-xnor-text.pdf,scan,mupdf,16,1.0000,0.0000,1.0000,
pdfjs/bitmap-composite-and-xnor-text.pdf,scan,cera,16,0.7259,0.1604,1.6972,
pdfjs/bitmap-composite-and-xnor-text.pdf,scan,cera-stream,16,0.7344,0.1216,1.7054,
pdfjs/bitmap-composite-and-xnor-text.pdf,scan,cera-stdlib,16,0.8261,0.0993,1.7000,
pdfjs/bitmap-composite-and-xnor-text.pdf,scan,poppler,16,3.0661,0.1346,2.6251,
pdfjs/bitmap-composite-and-xnor-text.pdf,scan,ghostscript,16,5.4609,0.1694,0.6381,
pdfjs/blendmode.pdf,transparency,mupdf,1,1.0000,0.0000,1.0000,
pdfjs/blendmode.pdf,transparency,cera,1,0.7466,0.0346,0.4354,
pdfjs/blendmode.pdf,transparency,cera-stream,1,0.7027,0.0259,0.4353,
pdfjs/blendmode.pdf,transparency,cera-stdlib,1,0.7921,0.0332,0.4355,
pdfjs/blendmode.pdf,transparency,poppler,1,3.4456,0.0493,0.6593,
pdfjs/blendmode.pdf,transparency,ghostscript,1,3.3108,0.0362,0.3861,
pdfjs/blendmode.pdf,transparency,mupdf,16,1.0000,0.0000,1.0000,
pdfjs/blendmode.pdf,transparency,cera,16,0.4750,0.0726,0.4356,
pdfjs/blendmode.pdf,transparency,cera-stream,16,0.5197,0.0215,0.4364,
pdfjs/blendmode.pdf,transparency,cera-stdlib,16,0.8110,0.0794,0.4354,
pdfjs/blendmode.pdf,transparency,poppler,16,4.2074,0.0774,0.6593,
pdfjs/blendmode.pdf,transparency,ghostscript,16,3.8650,0.0532,0.3860,
pdfjs/ccitt_EndOfBlock_false.pdf,scan,mupdf,1,1.0000,0.0000,1.0000,
pdfjs/ccitt_EndOfBlock_false.pdf,scan,cera,1,0.5075,0.0968,1.1816,
pdfjs/ccitt_EndOfBlock_false.pdf,scan,cera-stream,1,0.4926,0.0737,1.1816,
pdfjs/ccitt_EndOfBlock_false.pdf,scan,cera-stdlib,1,0.5811,0.0349,1.1816,
pdfjs/ccitt_EndOfBlock_false.pdf,scan,poppler,1,2.3207,0.0424,0.2676,
pdfjs/ccitt_EndOfBlock_false.pdf,scan,ghostscript,1,3.7294,0.0672,0.3081,
pdfjs/ccitt_EndOfBlock_false.pdf,scan,mupdf,16,1.0000,0.0000,1.0000,
pdfjs/ccitt_EndOfBlock_false.pdf,scan,cera,16,0.4553,0.2235,1.1941,
pdfjs/ccitt_EndOfBlock_false.pdf,scan,cera-stream,16,0.4244,0.0252,1.1891,
pdfjs/ccitt_EndOfBlock_false.pdf,scan,cera-stdlib,16,0.5857,0.0329,1.1809,
pdfjs/ccitt_EndOfBlock_false.pdf,scan,poppler,16,2.3238,0.0437,0.2675,
pdfjs/ccitt_EndOfBlock_false.pdf,scan,ghostscript,16,3.7845,0.0014,0.3079,
pdfjs/cid_cff.pdf,text,mupdf,1,1.0000,0.0000,1.0000,
pdfjs/cid_cff.pdf,text,cera,1,0.4885,0.0534,3.0227,
pdfjs/cid_cff.pdf,text,cera-stream,1,0.4785,0.0298,3.0227,
pdfjs/cid_cff.pdf,text,cera-stdlib,1,0.5978,0.0301,3.0227,
pdfjs/cid_cff.pdf,text,poppler,1,2.1618,0.0658,1.0505,
pdfjs/cid_cff.pdf,text,ghostscript,1,4.0298,0.0534,0.8975,
pdfjs/cid_cff.pdf,text,mupdf,16,1.0000,0.0000,1.0000,
pdfjs/cid_cff.pdf,text,cera,16,0.5093,0.0129,3.0615,
pdfjs/cid_cff.pdf,text,cera-stream,16,0.4904,0.0154,3.0615,
pdfjs/cid_cff.pdf,text,cera-stdlib,16,0.6235,0.0390,3.0176,
pdfjs/cid_cff.pdf,text,poppler,16,2.2526,0.0655,1.0487,
pdfjs/cid_cff.pdf,text,ghostscript,16,4.3268,0.0165,0.8960,
pdfjs/clippath.pdf,vector,mupdf,1,1.0000,0.0000,1.0000,
pdfjs/clippath.pdf,vector,cera,1,0.9047,0.2085,1.4231,
pdfjs/clippath.pdf,vector,cera-stream,1,0.8938,0.1328,1.4231,
pdfjs/clippath.pdf,vector,cera-stdlib,1,0.9599,0.0875,1.4135,
pdfjs/clippath.pdf,vector,poppler,1,2.5042,0.0711,0.5108,
pdfjs/clippath.pdf,vector,ghostscript,1,8.0780,0.1345,0.6845,
pdfjs/clippath.pdf,vector,mupdf,16,1.0000,0.0000,1.0000,
pdfjs/clippath.pdf,vector,cera,16,0.9298,0.1066,1.4231,
pdfjs/clippath.pdf,vector,cera-stream,16,0.9335,0.0575,1.4231,
pdfjs/clippath.pdf,vector,cera-stdlib,16,0.9762,0.0205,1.4135,
pdfjs/clippath.pdf,vector,poppler,16,2.3545,0.0811,0.5108,
pdfjs/clippath.pdf,vector,ghostscript,16,7.8768,0.0599,0.6845,
pdfjs/cmykjpeg.pdf,image,mupdf,1,1.0000,0.0000,1.0000,
pdfjs/cmykjpeg.pdf,image,cera,1,0.6019,0.0159,1.0987,
pdfjs/cmykjpeg.pdf,image,cera-stream,1,0.5894,0.0983,1.0986,
pdfjs/cmykjpeg.pdf,image,cera-stdlib,1,0.6669,0.1150,1.0988,
pdfjs/cmykjpeg.pdf,image,poppler,1,3.0474,0.0559,1.5347,
pdfjs/cmykjpeg.pdf,image,ghostscript,1,3.8619,0.0561,0.8240,
pdfjs/cmykjpeg.pdf,image,mupdf,16,1.0000,0.0000,1.0000,
pdfjs/cmykjpeg.pdf,image,cera,16,0.5732,0.0516,1.1072,
pdfjs/cmykjpeg.pdf,image,cera-stream,16,0.5334,0.0077,1.1072,
pdfjs/cmykjpeg.pdf,image,cera-stdlib,16,0.6906,0.0238,1.0986,
pdfjs/cmykjpeg.pdf,image,poppler,16,2.9620,0.0217,1.5343,
pdfjs/cmykjpeg.pdf,image,ghostscript,16,3.9203,0.0149,0.8238,
pdfjs/devicen.pdf,image,mupdf,1,1.0000,0.0000,1.0000,
pdfjs/devicen.pdf,image,cera,1,0.3003,0.0179,1.9995,
pdfjs/devicen.pdf,image,cera-stream,1,0.2955,0.0211,1.9995,
pdfjs/devicen.pdf,image,cera-stdlib,1,0.3432,0.0842,1.9995,
pdfjs/devicen.pdf,image,poppler,1,1.1256,0.0139,0.8117,
pdfjs/devicen.pdf,image,ghostscript,1,1.8908,0.0044,0.8304,
pdfjs/devicen.pdf,image,mupdf,16,1.0000,0.0000,1.0000,
pdfjs/devicen.pdf,image,cera,16,0.3518,0.0293,2.0217,
pdfjs/devicen.pdf,image,cera-stream,16,0.3222,0.0606,2.0007,
pdfjs/devicen.pdf,image,cera-stdlib,16,0.4793,0.0199,2.0011,
pdfjs/devicen.pdf,image,poppler,16,1.5818,0.0684,0.8121,
pdfjs/devicen.pdf,image,ghostscript,16,2.7544,0.0487,0.8308,
pdfjs/function_based_shading.pdf,shading,mupdf,1,1.0000,0.0000,1.0000,
pdfjs/function_based_shading.pdf,shading,cera,1,0.3207,0.0525,0.2094,
pdfjs/function_based_shading.pdf,shading,cera-stream,1,0.3180,0.0959,0.2094,
pdfjs/function_based_shading.pdf,shading,cera-stdlib,1,0.3296,0.1220,0.2095,
pdfjs/function_based_shading.pdf,shading,poppler,1,2.5217,0.1399,0.1108,
pdfjs/function_based_shading.pdf,shading,ghostscript,1,6.5708,0.1126,0.2347,
pdfjs/function_based_shading.pdf,shading,mupdf,16,1.0000,0.0000,1.0000,
pdfjs/function_based_shading.pdf,shading,cera,16,0.2170,0.2629,0.2098,
pdfjs/function_based_shading.pdf,shading,cera-stream,16,0.2175,0.0204,0.2099,
pdfjs/function_based_shading.pdf,shading,cera-stdlib,16,0.2942,0.0411,0.2093,
pdfjs/function_based_shading.pdf,shading,poppler,16,2.4064,0.0659,0.1108,
pdfjs/function_based_shading.pdf,shading,ghostscript,16,6.0309,0.0517,0.2347,
pdfjs/function_based_shading_cmyk.pdf,shading,mupdf,1,1.0000,0.0000,1.0000,
pdfjs/function_based_shading_cmyk.pdf,shading,cera,1,0.3873,0.0314,0.2855,
pdfjs/function_based_shading_cmyk.pdf,shading,cera-stream,1,0.3784,0.0144,0.2855,
pdfjs/function_based_shading_cmyk.pdf,shading,cera-stdlib,1,0.4322,0.1122,0.2856,
pdfjs/function_based_shading_cmyk.pdf,shading,poppler,1,11.8039,0.0186,0.7303,
pdfjs/function_based_shading_cmyk.pdf,shading,ghostscript,1,9.4991,0.0599,0.4506,
pdfjs/function_based_shading_cmyk.pdf,shading,mupdf,16,1.0000,0.0000,1.0000,
pdfjs/function_based_shading_cmyk.pdf,shading,cera,16,0.1446,0.0409,0.2863,
pdfjs/function_based_shading_cmyk.pdf,shading,cera-stream,16,0.1447,0.0323,0.2888,
pdfjs/function_based_shading_cmyk.pdf,shading,cera-stdlib,16,0.2590,0.0537,0.2855,
pdfjs/function_based_shading_cmyk.pdf,shading,poppler,16,8.9293,0.0153,0.7302,
pdfjs/function_based_shading_cmyk.pdf,shading,ghostscript,16,7.5792,0.0479,0.4506,
pdfjs/issue7847_radial.pdf,shading,mupdf,1,1.0000,0.0000,1.0000,
pdfjs/issue7847_radial.pdf,shading,cera,1,0.9314,0.0132,2.0714,
pdfjs/issue7847_radial.pdf,shading,cera-stream,1,0.9255,0.1219,2.0712,
pdfjs/issue7847_radial.pdf,shading,cera-stdlib,1,1.0040,0.1113,2.0714,
pdfjs/issue7847_radial.pdf,shading,poppler,1,9.3550,0.1247,1.0908,
pdfjs/issue7847_radial.pdf,shading,ghostscript,1,5.7844,0.0955,1.3529,
pdfjs/issue7847_radial.pdf,shading,mupdf,16,1.0000,0.0000,1.0000,
pdfjs/issue7847_radial.pdf,shading,cera,16,0.7340,0.1628,2.0753,
pdfjs/issue7847_radial.pdf,shading,cera-stream,16,0.8223,0.2341,2.0704,
pdfjs/issue7847_radial.pdf,shading,cera-stdlib,16,0.8825,0.1327,2.0703,
pdfjs/issue7847_radial.pdf,shading,poppler,16,9.3994,0.1023,1.0902,
pdfjs/issue7847_radial.pdf,shading,ghostscript,16,5.3919,0.0416,1.3521,
pdfjs/jbig2_symbol_offset.pdf,scan,mupdf,1,1.0000,0.0000,1.0000,
pdfjs/jbig2_symbol_offset.pdf,scan,cera,1,0.4970,0.0653,2.7355,
pdfjs/jbig2_symbol_offset.pdf,scan,cera-stream,1,0.4604,0.1780,2.7355,
pdfjs/jbig2_symbol_offset.pdf,scan,cera-stdlib,1,0.5829,0.0796,2.7355,
pdfjs/jbig2_symbol_offset.pdf,scan,poppler,1,2.3016,0.1462,0.6254,
pdfjs/jbig2_symbol_offset.pdf,scan,ghostscript,1,4.2020,0.1246,0.7226,
pdfjs/jbig2_symbol_offset.pdf,scan,mupdf,16,1.0000,0.0000,1.0000,
pdfjs/jbig2_symbol_offset.pdf,scan,cera,16,0.5115,0.0824,2.8149,
pdfjs/jbig2_symbol_offset.pdf,scan,cera-stream,16,0.4825,0.0689,2.8149,
pdfjs/jbig2_symbol_offset.pdf,scan,cera-stdlib,16,0.6267,0.0468,2.7310,
pdfjs/jbig2_symbol_offset.pdf,scan,poppler,16,2.3905,0.0750,0.6243,
pdfjs/jbig2_symbol_offset.pdf,scan,ghostscript,16,4.2396,0.0291,0.7214,
pdfjs/jp2k-resetprob.pdf,image,mupdf,1,1.0000,0.0000,1.0000,
pdfjs/jp2k-resetprob.pdf,image,cera,1,1.2520,0.0974,0.3712,
pdfjs/jp2k-resetprob.pdf,image,cera-stream,1,1.2181,0.1706,0.3712,
pdfjs/jp2k-resetprob.pdf,image,cera-stdlib,1,1.2722,0.1384,0.3697,
pdfjs/jp2k-resetprob.pdf,image,poppler,1,3.1736,0.2165,0.5005,
pdfjs/jp2k-resetprob.pdf,image,ghostscript,1,9.5497,0.2205,0.3542,
pdfjs/jp2k-resetprob.pdf,image,mupdf,16,1.0000,0.0000,1.0000,
pdfjs/jp2k-resetprob.pdf,image,cera,16,1.1795,0.0522,0.3712,
pdfjs/jp2k-resetprob.pdf,image,cera-stream,16,1.1389,0.1374,0.3712,
pdfjs/jp2k-resetprob.pdf,image,cera-stdlib,16,1.3036,0.1306,0.3697,
pdfjs/jp2k-resetprob.pdf,image,poppler,16,2.8014,0.0123,0.5005,
pdfjs/jp2k-resetprob.pdf,image,ghostscript,16,9.2236,0.0902,0.3542,
pdfjs/jpx_smaskindata.pdf,image,mupdf,1,1.0000,0.0000,1.0000,
pdfjs/jpx_smaskindata.pdf,image,cera,1,1.0157,0.0123,0.8083,
pdfjs/jpx_smaskindata.pdf,image,cera-stream,1,0.9788,0.1383,0.8083,
pdfjs/jpx_smaskindata.pdf,image,cera-stdlib,1,1.1666,0.1847,0.7962,
pdfjs/jpx_smaskindata.pdf,image,poppler,1,2.5565,0.0295,0.3219,
pdfjs/jpx_smaskindata.pdf,image,ghostscript,1,8.8301,0.0652,0.4581,
pdfjs/jpx_smaskindata.pdf,image,mupdf,16,1.0000,0.0000,1.0000,
pdfjs/jpx_smaskindata.pdf,image,cera,16,1.0141,0.1187,0.8083,
pdfjs/jpx_smaskindata.pdf,image,cera-stream,16,0.9976,0.1660,0.8083,
pdfjs/jpx_smaskindata.pdf,image,cera-stdlib,16,0.9659,0.0725,0.7962,
pdfjs/jpx_smaskindata.pdf,image,poppler,16,2.4217,0.0196,0.3219,
pdfjs/jpx_smaskindata.pdf,image,ghostscript,16,8.5284,0.0449,0.4581,
pdfjs/knockout_blend_multiply.pdf,transparency,mupdf,1,1.0000,0.0000,1.0000,
pdfjs/knockout_blend_multiply.pdf,transparency,cera,1,1.0255,0.0874,1.3152,
pdfjs/knockout_blend_multiply.pdf,transparency,cera-stream,1,1.0172,0.0782,1.3152,
pdfjs/knockout_blend_multiply.pdf,transparency,cera-stdlib,1,1.0719,0.0818,1.3093,
pdfjs/knockout_blend_multiply.pdf,transparency,poppler,1,2.9754,0.1036,0.4747,
pdfjs/knockout_blend_multiply.pdf,transparency,ghostscript,1,8.2120,0.0640,0.6338,
pdfjs/knockout_blend_multiply.pdf,transparency,mupdf,16,1.0000,0.0000,1.0000,
pdfjs/knockout_blend_multiply.pdf,transparency,cera,16,0.9714,0.0761,1.3075,
pdfjs/knockout_blend_multiply.pdf,transparency,cera-stream,16,0.9444,0.1014,1.3075,
pdfjs/knockout_blend_multiply.pdf,transparency,cera-stdlib,16,0.9721,0.0208,1.3016,
pdfjs/knockout_blend_multiply.pdf,transparency,poppler,16,2.5900,0.0926,0.4719,
pdfjs/knockout_blend_multiply.pdf,transparency,ghostscript,16,7.9170,0.0765,0.6301,
pdfjs/knockout_nested.pdf,transparency,mupdf,1,1.0000,0.0000,1.0000,
pdfjs/knockout_nested.pdf,transparency,cera,1,1.1141,0.0838,1.3500,
pdfjs/knockout_nested.pdf,transparency,cera-stream,1,1.1643,0.0337,1.3500,
pdfjs/knockout_nested.pdf,transparency,cera-stdlib,1,1.0938,0.1106,1.3439,
pdfjs/knockout_nested.pdf,transparency,poppler,1,2.8570,0.0488,0.4964,
pdfjs/knockout_nested.pdf,transparency,ghostscript,1,8.8405,0.1027,0.6852,
pdfjs/knockout_nested.pdf,transparency,mupdf,16,1.0000,0.0000,1.0000,
pdfjs/knockout_nested.pdf,transparency,cera,16,1.1017,0.0453,1.3418,
pdfjs/knockout_nested.pdf,transparency,cera-stream,16,1.0767,0.0703,1.3418,
pdfjs/knockout_nested.pdf,transparency,cera-stdlib,16,1.2176,0.0271,1.3357,
pdfjs/knockout_nested.pdf,transparency,poppler,16,3.0240,0.0960,0.4934,
pdfjs/knockout_nested.pdf,transparency,ghostscript,16,8.6489,0.0093,0.6810,
pdfjs/mmtype1.pdf,text,mupdf,1,1.0000,0.0000,1.0000,
pdfjs/mmtype1.pdf,text,cera,1,0.9133,0.1983,1.3086,
pdfjs/mmtype1.pdf,text,cera-stream,1,0.9407,0.0746,1.3086,
pdfjs/mmtype1.pdf,text,cera-stdlib,1,1.0730,0.1015,1.3055,
pdfjs/mmtype1.pdf,text,poppler,1,2.8428,0.1970,1.0517,
pdfjs/mmtype1.pdf,text,ghostscript,1,8.0358,0.0904,0.7169,
pdfjs/mmtype1.pdf,text,mupdf,16,1.0000,0.0000,1.0000,
pdfjs/mmtype1.pdf,text,cera,16,1.0018,0.1338,1.3086,
pdfjs/mmtype1.pdf,text,cera-stream,16,0.9704,0.0096,1.3086,
pdfjs/mmtype1.pdf,text,cera-stdlib,16,0.9969,0.2189,1.3055,
pdfjs/mmtype1.pdf,text,poppler,16,2.7823,0.0296,1.0517,
pdfjs/mmtype1.pdf,text,ghostscript,16,8.3203,0.1028,0.7169,
pdfjs/nonisolated_blend_smask.pdf,transparency,mupdf,1,1.0000,0.0000,1.0000,
pdfjs/nonisolated_blend_smask.pdf,transparency,cera,1,0.9433,0.1575,1.3975,
pdfjs/nonisolated_blend_smask.pdf,transparency,cera-stream,1,0.9898,0.1095,1.3975,
pdfjs/nonisolated_blend_smask.pdf,transparency,cera-stdlib,1,1.0584,0.1255,1.3969,
pdfjs/nonisolated_blend_smask.pdf,transparency,poppler,1,3.7003,0.1062,1.1017,
pdfjs/nonisolated_blend_smask.pdf,transparency,ghostscript,1,6.6150,0.1189,0.6120,
pdfjs/nonisolated_blend_smask.pdf,transparency,mupdf,16,1.0000,0.0000,1.0000,
pdfjs/nonisolated_blend_smask.pdf,transparency,cera,16,1.1794,0.1688,1.3967,
pdfjs/nonisolated_blend_smask.pdf,transparency,cera-stream,16,1.0562,0.0660,1.3811,
pdfjs/nonisolated_blend_smask.pdf,transparency,cera-stdlib,16,1.2594,0.1479,1.3961,
pdfjs/nonisolated_blend_smask.pdf,transparency,poppler,16,4.2777,0.0579,1.1011,
pdfjs/nonisolated_blend_smask.pdf,transparency,ghostscript,16,7.3858,0.0787,0.6116,
pdfjs/pattern_text_embedded_font.pdf,text,mupdf,1,1.0000,0.0000,1.0000,
pdfjs/pattern_text_embedded_font.pdf,text,cera,1,0.5428,0.0988,1.4135,
pdfjs/pattern_text_embedded_font.pdf,text,cera-stream,1,0.5520,0.0371,1.4133,
pdfjs/pattern_text_embedded_font.pdf,text,cera-stdlib,1,0.6225,0.1965,1.4135,
pdfjs/pattern_text_embedded_font.pdf,text,poppler,1,3.1262,0.0756,0.7552,
pdfjs/pattern_text_embedded_font.pdf,text,ghostscript,1,3.4762,0.1033,0.3916,
pdfjs/pattern_text_embedded_font.pdf,text,mupdf,16,1.0000,0.0000,1.0000,
pdfjs/pattern_text_embedded_font.pdf,text,cera,16,0.4866,0.1721,1.3756,
pdfjs/pattern_text_embedded_font.pdf,text,cera-stream,16,0.4966,0.0658,1.3657,
pdfjs/pattern_text_embedded_font.pdf,text,cera-stdlib,16,0.7173,0.1306,1.4123,
pdfjs/pattern_text_embedded_font.pdf,text,poppler,16,3.4596,0.1076,0.7546,
pdfjs/pattern_text_embedded_font.pdf,text,ghostscript,16,3.7928,0.1498,0.3913,
pdfjs/radial_gradients.pdf,shading,mupdf,1,1.0000,0.0000,1.0000,
pdfjs/radial_gradients.pdf,shading,cera,1,0.7301,0.0380,1.3341,
pdfjs/radial_gradients.pdf,shading,cera-stream,1,0.7058,0.0427,1.3339,
pdfjs/radial_gradients.pdf,shading,cera-stdlib,1,0.8384,0.0489,1.3343,
pdfjs/radial_gradients.pdf,shading,poppler,1,5.1184,0.0157,0.7757,
pdfjs/radial_gradients.pdf,shading,ghostscript,1,2.0620,0.0369,0.7444,
pdfjs/radial_gradients.pdf,shading,mupdf,16,1.0000,0.0000,1.0000,
pdfjs/radial_gradients.pdf,shading,cera,16,0.3224,0.0354,1.3364,
pdfjs/radial_gradients.pdf,shading,cera-stream,16,0.3654,0.1045,1.3368,
pdfjs/radial_gradients.pdf,shading,cera-stdlib,16,0.7469,0.0344,1.3338,
pdfjs/radial_gradients.pdf,shading,poppler,16,6.1352,0.0118,0.7754,
pdfjs/radial_gradients.pdf,shading,ghostscript,16,2.5479,0.1529,0.7441,
pdfjs/simpletype3font.pdf,text,mupdf,1,1.0000,0.0000,1.0000,
pdfjs/simpletype3font.pdf,text,cera,1,0.5271,0.0837,3.7298,
pdfjs/simpletype3font.pdf,text,cera-stream,1,0.5068,0.0390,3.7298,
pdfjs/simpletype3font.pdf,text,cera-stdlib,1,0.6496,0.0689,3.7298,
pdfjs/simpletype3font.pdf,text,poppler,1,2.3005,0.0898,0.8673,
pdfjs/simpletype3font.pdf,text,ghostscript,1,4.3102,0.0382,0.9964,
pdfjs/simpletype3font.pdf,text,mupdf,16,1.0000,0.0000,1.0000,
pdfjs/simpletype3font.pdf,text,cera,16,0.5437,0.1077,3.8537,
pdfjs/simpletype3font.pdf,text,cera-stream,16,0.4782,0.0561,3.8537,
pdfjs/simpletype3font.pdf,text,cera-stdlib,16,0.6432,0.0448,3.7209,
pdfjs/simpletype3font.pdf,text,poppler,16,2.2755,0.0510,0.8652,
pdfjs/simpletype3font.pdf,text,ghostscript,16,4.2410,0.0657,0.9941,
pdfjs/smask_alpha_bc.pdf,transparency,mupdf,1,1.0000,0.0000,1.0000,
pdfjs/smask_alpha_bc.pdf,transparency,cera,1,1.0288,0.0626,1.7962,
pdfjs/smask_alpha_bc.pdf,transparency,cera-stream,1,1.0050,0.0557,1.7962,
pdfjs/smask_alpha_bc.pdf,transparency,cera-stdlib,1,1.0463,0.1504,1.7889,
pdfjs/smask_alpha_bc.pdf,transparency,poppler,1,3.1354,0.0923,0.6386,
pdfjs/smask_alpha_bc.pdf,transparency,ghostscript,1,9.1494,0.0283,0.8719,
pdfjs/smask_alpha_bc.pdf,transparency,mupdf,16,1.0000,0.0000,1.0000,
pdfjs/smask_alpha_bc.pdf,transparency,cera,16,1.0900,0.0686,1.7833,
pdfjs/smask_alpha_bc.pdf,transparency,cera-stream,16,1.1052,0.0447,1.8257,
pdfjs/smask_alpha_bc.pdf,transparency,cera-stdlib,16,1.1970,0.0430,1.7761,
pdfjs/smask_alpha_bc.pdf,transparency,poppler,16,3.1765,0.0513,0.6340,
pdfjs/smask_alpha_bc.pdf,transparency,ghostscript,16,9.6084,0.0310,0.8657,
pdfjs/smaskdim.pdf,transparency,mupdf,1,1.0000,0.0000,1.0000,
pdfjs/smaskdim.pdf,transparency,cera,1,0.5693,0.0125,3.0372,
pdfjs/smaskdim.pdf,transparency,cera-stream,1,0.5492,0.0647,3.0372,
pdfjs/smaskdim.pdf,transparency,cera-stdlib,1,0.6797,0.0754,3.0372,
pdfjs/smaskdim.pdf,transparency,poppler,1,2.4387,0.0210,0.9562,
pdfjs/smaskdim.pdf,transparency,ghostscript,1,4.6787,0.0060,0.8595,
pdfjs/smaskdim.pdf,transparency,mupdf,16,1.0000,0.0000,1.0000,
pdfjs/smaskdim.pdf,transparency,cera,16,0.5462,0.0736,3.1492,
pdfjs/smaskdim.pdf,transparency,cera-stream,16,0.5533,0.1007,3.0478,
pdfjs/smaskdim.pdf,transparency,cera-stdlib,16,0.6852,0.0855,3.0320,
pdfjs/smaskdim.pdf,transparency,poppler,16,2.4297,0.0810,0.9546,
pdfjs/smaskdim.pdf,transparency,ghostscript,16,4.7265,0.0947,0.8580,
pdfjs/text_clip_cff_cid.pdf,text,mupdf,1,1.0000,0.0000,1.0000,
pdfjs/text_clip_cff_cid.pdf,text,cera,1,0.8413,0.0780,1.3718,
pdfjs/text_clip_cff_cid.pdf,text,cera-stream,1,0.8736,0.1801,1.3718,
pdfjs/text_clip_cff_cid.pdf,text,cera-stdlib,1,1.0431,0.2860,1.3712,
pdfjs/text_clip_cff_cid.pdf,text,poppler,1,3.0511,0.1720,0.7656,
pdfjs/text_clip_cff_cid.pdf,text,ghostscript,1,6.2341,0.1175,0.3165,
pdfjs/text_clip_cff_cid.pdf,text,mupdf,16,1.0000,0.0000,1.0000,
pdfjs/text_clip_cff_cid.pdf,text,cera,16,0.8366,0.0897,1.3790,
pdfjs/text_clip_cff_cid.pdf,text,cera-stream,16,0.8840,0.1235,1.3804,
pdfjs/text_clip_cff_cid.pdf,text,cera-stdlib,16,0.9328,0.0912,1.3699,
pdfjs/text_clip_cff_cid.pdf,text,poppler,16,3.0039,0.1448,0.7651,
pdfjs/text_clip_cff_cid.pdf,text,ghostscript,16,6.4273,0.1423,0.3163,
pdfjs/tiling-pattern-box.pdf,shading,mupdf,1,1.0000,0.0000,1.0000,
pdfjs/tiling-pattern-box.pdf,shading,cera,1,0.3941,0.1660,2.1712,
pdfjs/tiling-pattern-box.pdf,shading,cera-stream,1,0.3887,0.1558,2.1709,
pdfjs/tiling-pattern-box.pdf,shading,cera-stdlib,1,0.4300,0.0607,2.1712,
pdfjs/tiling-pattern-box.pdf,shading,poppler,1,1.3227,0.0443,0.5111,
pdfjs/tiling-pattern-box.pdf,shading,ghostscript,1,41.5465,0.0402,0.8312,
pdfjs/tiling-pattern-box.pdf,shading,mupdf,16,1.0000,0.0000,1.0000,
pdfjs/tiling-pattern-box.pdf,shading,cera,16,0.4201,0.1339,2.1980,
pdfjs/tiling-pattern-box.pdf,shading,cera-stream,16,0.4263,0.0245,2.1792,
pdfjs/tiling-pattern-box.pdf,shading,cera-stdlib,16,0.5852,0.0366,2.1689,
pdfjs/tiling-pattern-box.pdf,shading,poppler,16,1.8716,0.0371,0.5106,
pdfjs/tiling-pattern-box.pdf,shading,ghostscript,16,58.5553,0.1842,0.8303,
pdfjs/tiling_patterns_variations.pdf,shading,mupdf,1,1.0000,0.0000,1.0000,
pdfjs/tiling_patterns_variations.pdf,shading,cera,1,0.6537,0.1492,1.4548,
pdfjs/tiling_patterns_variations.pdf,shading,cera-stream,1,0.6162,0.0687,1.4546,
pdfjs/tiling_patterns_variations.pdf,shading,cera-stdlib,1,0.7294,0.0278,1.4548,
pdfjs/tiling_patterns_variations.pdf,shading,poppler,1,3.0773,0.0860,0.3609,
pdfjs/tiling_patterns_variations.pdf,shading,ghostscript,1,4.0033,0.1256,0.5769,
pdfjs/tiling_patterns_variations.pdf,shading,mupdf,16,1.0000,0.0000,1.0000,
pdfjs/tiling_patterns_variations.pdf,shading,cera,16,0.5012,0.3479,1.4693,
pdfjs/tiling_patterns_variations.pdf,shading,cera-stream,16,0.4695,0.1589,1.4682,
pdfjs/tiling_patterns_variations.pdf,shading,cera-stdlib,16,0.6681,0.1603,1.4537,
pdfjs/tiling_patterns_variations.pdf,shading,poppler,16,2.9307,0.0983,0.3607,
pdfjs/tiling_patterns_variations.pdf,shading,ghostscript,16,3.9350,0.1109,0.5764,
pdfjs/tracemonkey.pdf,text,mupdf,1,1.0000,0.0000,1.0000,
pdfjs/tracemonkey.pdf,text,cera,1,0.7580,0.0325,1.3801,
pdfjs/tracemonkey.pdf,text,cera-stream,1,0.7630,0.0253,1.3818,
pdfjs/tracemonkey.pdf,text,cera-stdlib,1,0.8504,0.0168,1.3803,
pdfjs/tracemonkey.pdf,text,poppler,1,7.3832,0.0227,1.2348,
pdfjs/tracemonkey.pdf,text,ghostscript,1,2.8561,0.0069,0.5163,
pdfjs/tracemonkey.pdf,text,mupdf,16,1.0000,0.0000,1.0000,
pdfjs/tracemonkey.pdf,text,cera,16,0.3107,0.0075,1.3804,
pdfjs/tracemonkey.pdf,text,cera-stream,16,0.3611,0.0140,1.3816,
pdfjs/tracemonkey.pdf,text,cera-stdlib,16,0.8251,0.0210,1.3801,
pdfjs/tracemonkey.pdf,text,poppler,16,7.5041,0.0509,1.2346,
pdfjs/tracemonkey.pdf,text,ghostscript,16,2.8209,0.0147,0.5162,
pdfjs/transparency_group.pdf,transparency,mupdf,1,1.0000,0.0000,1.0000,
pdfjs/transparency_group.pdf,transparency,cera,1,0.5553,0.0448,1.0304,
pdfjs/transparency_group.pdf,transparency,cera-stream,1,0.5312,0.0364,1.0303,
pdfjs/transparency_group.pdf,transparency,cera-stdlib,1,0.6015,0.0152,1.0305,
pdfjs/transparency_group.pdf,transparency,poppler,1,2.4589,0.0380,0.5354,
pdfjs/transparency_group.pdf,transparency,ghostscript,1,3.1224,0.0267,0.7095,
pdfjs/transparency_group.pdf,transparency,mupdf,16,1.0000,0.0000,1.0000,
pdfjs/transparency_group.pdf,transparency,cera,16,0.4168,0.0204,1.0363,
pdfjs/transparency_group.pdf,transparency,cera-stream,16,0.3794,0.0969,1.0441,
pdfjs/transparency_group.pdf,transparency,cera-stdlib,16,0.6418,0.0369,1.0287,
pdfjs/transparency_group.pdf,transparency,poppler,16,2.8875,0.0209,0.5354,
pdfjs/transparency_group.pdf,transparency,ghostscript,16,3.5509,0.0504,0.7095,
synthetic/contours-3000.pdf,drawing,mupdf,1,1.0000,0.0000,1.0000,
synthetic/contours-3000.pdf,drawing,cera,1,0.5039,0.0355,1.1571,
synthetic/contours-3000.pdf,drawing,cera-stream,1,0.4833,0.0126,1.1575,
synthetic/contours-3000.pdf,drawing,cera-stdlib,1,0.5363,0.2142,1.1573,
synthetic/contours-3000.pdf,drawing,poppler,1,3.7836,0.0360,0.5583,
synthetic/contours-3000.pdf,drawing,ghostscript,1,1.5464,0.0559,0.5719,
synthetic/contours-3000.pdf,drawing,mupdf,16,1.0000,0.0000,1.0000,
synthetic/contours-3000.pdf,drawing,cera,16,0.2186,0.0445,1.1556,
synthetic/contours-3000.pdf,drawing,cera-stream,16,0.2477,0.1722,1.1569,
synthetic/contours-3000.pdf,drawing,cera-stdlib,16,0.6759,0.1396,1.1572,
synthetic/contours-3000.pdf,drawing,poppler,16,5.7482,0.1637,0.5582,
synthetic/contours-3000.pdf,drawing,ghostscript,16,2.4121,0.1762,0.5718,
synthetic/fills-subpixel.pdf,drawing,mupdf,1,1.0000,0.0000,1.0000,
synthetic/fills-subpixel.pdf,drawing,cera,1,0.6129,0.1532,0.8767,
synthetic/fills-subpixel.pdf,drawing,cera-stream,1,0.5837,0.0547,0.8765,
synthetic/fills-subpixel.pdf,drawing,cera-stdlib,1,0.7406,0.0919,0.8768,
synthetic/fills-subpixel.pdf,drawing,poppler,1,2.2287,0.0071,0.2976,
synthetic/fills-subpixel.pdf,drawing,ghostscript,1,2.5406,0.0288,0.3155,
synthetic/fills-subpixel.pdf,drawing,mupdf,16,1.0000,0.0000,1.0000,
synthetic/fills-subpixel.pdf,drawing,cera,16,0.3907,0.0084,1.1744,
synthetic/fills-subpixel.pdf,drawing,cera-stream,16,0.4277,0.0994,1.1813,
synthetic/fills-subpixel.pdf,drawing,cera-stdlib,16,0.9277,0.0181,1.1660,
synthetic/fills-subpixel.pdf,drawing,poppler,16,3.0905,0.0457,0.3959,
synthetic/fills-subpixel.pdf,drawing,ghostscript,16,3.3823,0.0059,0.4199,
synthetic/hatch-2000-0.35mm.pdf,drawing,mupdf,1,1.0000,0.0000,1.0000,
synthetic/hatch-2000-0.35mm.pdf,drawing,cera,1,0.0320,0.0219,0.5096,
synthetic/hatch-2000-0.35mm.pdf,drawing,cera-stream,1,0.0309,0.0292,0.5095,
synthetic/hatch-2000-0.35mm.pdf,drawing,cera-stdlib,1,0.0346,0.1374,0.5096,
synthetic/hatch-2000-0.35mm.pdf,drawing,poppler,1,0.2630,0.0960,0.4624,
synthetic/hatch-2000-0.35mm.pdf,drawing,ghostscript,1,0.6265,0.0377,0.8269,
synthetic/hatch-2000-0.35mm.pdf,drawing,mupdf,16,1.0000,0.0000,1.0000,
synthetic/hatch-2000-0.35mm.pdf,drawing,cera,16,0.1768,0.1554,0.4861,
synthetic/hatch-2000-0.35mm.pdf,drawing,cera-stream,16,0.1579,0.0199,0.4817,
synthetic/hatch-2000-0.35mm.pdf,drawing,cera-stdlib,16,0.2298,0.0628,0.4716,
synthetic/hatch-2000-0.35mm.pdf,drawing,poppler,16,2.7929,0.0349,0.4280,
synthetic/hatch-2000-0.35mm.pdf,drawing,ghostscript,16,5.9373,0.0554,0.7652,
synthetic/hatch-2000-hairline.pdf,drawing,mupdf,1,1.0000,0.0000,1.0000,
synthetic/hatch-2000-hairline.pdf,drawing,cera,1,0.0558,0.0463,1.2753,
synthetic/hatch-2000-hairline.pdf,drawing,cera-stream,1,0.0545,0.0694,1.2751,
synthetic/hatch-2000-hairline.pdf,drawing,cera-stdlib,1,0.0642,0.1425,1.2755,
synthetic/hatch-2000-hairline.pdf,drawing,poppler,1,0.0791,0.0851,0.3130,
synthetic/hatch-2000-hairline.pdf,drawing,ghostscript,1,0.5949,0.0161,0.6371,
synthetic/hatch-2000-hairline.pdf,drawing,mupdf,16,1.0000,0.0000,1.0000,
synthetic/hatch-2000-hairline.pdf,drawing,cera,16,0.1822,0.0942,1.3850,
synthetic/hatch-2000-hairline.pdf,drawing,cera-stream,16,0.2323,0.1058,1.3878,
synthetic/hatch-2000-hairline.pdf,drawing,cera-stdlib,16,0.5407,0.0192,1.3905,
synthetic/hatch-2000-hairline.pdf,drawing,poppler,16,0.8582,0.0531,0.3412,
synthetic/hatch-2000-hairline.pdf,drawing,ghostscript,16,6.1898,0.0481,0.6945,
synthetic/hatch-2000-maskclip.pdf,drawing,mupdf,1,1.0000,0.0000,1.0000,
synthetic/hatch-2000-maskclip.pdf,drawing,cera,1,0.0933,0.0245,1.6437,
synthetic/hatch-2000-maskclip.pdf,drawing,cera-stream,1,0.0911,0.0650,1.6435,
synthetic/hatch-2000-maskclip.pdf,drawing,cera-stdlib,1,0.1020,0.0431,1.6439,
synthetic/hatch-2000-maskclip.pdf,drawing,poppler,1,0.1744,0.0681,0.3807,
synthetic/hatch-2000-maskclip.pdf,drawing,ghostscript,1,0.6775,0.0755,0.6049,
synthetic/hatch-2000-maskclip.pdf,drawing,mupdf,16,1.0000,0.0000,1.0000,
synthetic/hatch-2000-maskclip.pdf,drawing,cera,16,0.2706,0.0335,1.7713,
synthetic/hatch-2000-maskclip.pdf,drawing,cera-stream,16,0.2734,0.1725,1.7569,
synthetic/hatch-2000-maskclip.pdf,drawing,cera-stdlib,16,0.6857,0.0252,1.7466,
synthetic/hatch-2000-maskclip.pdf,drawing,poppler,16,1.4150,0.1010,0.4044,
synthetic/hatch-2000-maskclip.pdf,drawing,ghostscript,16,5.6652,0.0990,0.6426,
synthetic/joins-caps.pdf,drawing,mupdf,1,1.0000,0.0000,1.0000,
synthetic/joins-caps.pdf,drawing,cera,1,0.6189,0.0318,1.2685,
synthetic/joins-caps.pdf,drawing,cera-stream,1,0.5983,0.0329,1.2683,
synthetic/joins-caps.pdf,drawing,cera-stdlib,1,0.7275,0.0636,1.2687,
synthetic/joins-caps.pdf,drawing,poppler,1,3.5957,0.0089,0.8991,
synthetic/joins-caps.pdf,drawing,ghostscript,1,2.3038,0.0628,0.8117,
synthetic/joins-caps.pdf,drawing,mupdf,16,1.0000,0.0000,1.0000,
synthetic/joins-caps.pdf,drawing,cera,16,0.3558,0.1147,1.3178,
synthetic/joins-caps.pdf,drawing,cera-stream,16,0.3493,0.1183,1.3213,
synthetic/joins-caps.pdf,drawing,cera-stdlib,16,0.8071,0.0733,1.3159,
synthetic/joins-caps.pdf,drawing,poppler,16,4.1538,0.0673,0.9326,
synthetic/joins-caps.pdf,drawing,ghostscript,16,2.6581,0.0764,0.8420,
synthetic/short-20000-0.35mm.pdf,drawing,mupdf,1,1.0000,0.0000,1.0000,
synthetic/short-20000-0.35mm.pdf,drawing,cera,1,0.5854,0.0202,1.1904,
synthetic/short-20000-0.35mm.pdf,drawing,cera-stream,1,0.5850,0.0304,1.1918,
synthetic/short-20000-0.35mm.pdf,drawing,cera-stdlib,1,0.6317,0.0600,1.1906,
synthetic/short-20000-0.35mm.pdf,drawing,poppler,1,3.7739,0.0261,0.5350,
synthetic/short-20000-0.35mm.pdf,drawing,ghostscript,1,2.0055,0.0346,0.5546,
synthetic/short-20000-0.35mm.pdf,drawing,mupdf,16,1.0000,0.0000,1.0000,
synthetic/short-20000-0.35mm.pdf,drawing,cera,16,0.2691,0.0153,1.1901,
synthetic/short-20000-0.35mm.pdf,drawing,cera-stream,16,0.3212,0.0306,1.1920,
synthetic/short-20000-0.35mm.pdf,drawing,cera-stdlib,16,0.7748,0.0453,1.1907,
synthetic/short-20000-0.35mm.pdf,drawing,poppler,16,5.2082,0.0052,0.5351,
synthetic/short-20000-0.35mm.pdf,drawing,ghostscript,16,2.8310,0.0527,0.5546,
synthetic/short-20000-hairline.pdf,drawing,mupdf,1,1.0000,0.0000,1.0000,
synthetic/short-20000-hairline.pdf,drawing,cera,1,0.7238,0.0462,2.1649,
synthetic/short-20000-hairline.pdf,drawing,cera-stream,1,0.7413,0.1991,2.1659,
synthetic/short-20000-hairline.pdf,drawing,cera-stdlib,1,0.8192,0.0566,2.1653,
synthetic/short-20000-hairline.pdf,drawing,poppler,1,4.7484,0.0159,0.3419,
synthetic/short-20000-hairline.pdf,drawing,ghostscript,1,2.2647,0.1027,0.7444,
synthetic/short-20000-hairline.pdf,drawing,mupdf,16,1.0000,0.0000,1.0000,
synthetic/short-20000-hairline.pdf,drawing,cera,16,0.3451,0.0296,2.1649,
synthetic/short-20000-hairline.pdf,drawing,cera-stream,16,0.3614,0.1456,2.1662,
synthetic/short-20000-hairline.pdf,drawing,cera-stdlib,16,0.9197,0.0465,2.1654,
synthetic/short-20000-hairline.pdf,drawing,poppler,16,6.5290,0.1046,0.3420,
synthetic/short-20000-hairline.pdf,drawing,ghostscript,16,3.0354,0.0607,0.7445,
