file,category,pages,engine,first,multi,multi_spread,speedup,pooled,peak_rss_mb,error
arxiv/1406.2661v1.pdf,paper,9,mupdf,1.0000,1.0000,0.0000,1.697,true,65.1,
arxiv/1406.2661v1.pdf,paper,9,cera,0.8918,0.4939,0.1479,2.630,false,51.5,
arxiv/1406.2661v1.pdf,paper,9,pdfium,0.7549,0.7725,0.1611,2.801,true,95.5,
arxiv/1406.2661v1.pdf,paper,9,hayro,0.8157,0.6698,0.2602,4.346,true,18.8,
arxiv/1406.2661v1.pdf,paper,9,pdfjs,8.3632,11.1477,0.1934,1.349,true,266.6,
arxiv/1406.2661v1.pdf,paper,9,cera-wasm,4.1135,,,,false,,
arxiv/1406.2661v1.pdf,paper,9,cera-v8-wasm,5.2891,,,,false,,
arxiv/1406.2661v1.pdf,paper,9,pdfium-wasm,1.0176,,,,false,,
arxiv/1512.03385v1.pdf,paper,12,mupdf,1.0000,1.0000,0.0000,1.835,true,64.3,
arxiv/1512.03385v1.pdf,paper,12,cera,1.1112,0.7086,0.1837,2.989,false,67.7,
arxiv/1512.03385v1.pdf,paper,12,pdfium,1.0005,0.7417,0.0850,2.761,true,98.4,
arxiv/1512.03385v1.pdf,paper,12,hayro,0.8902,0.9011,0.0850,4.660,true,22.0,
arxiv/1512.03385v1.pdf,paper,12,pdfjs,12.2121,5.2604,0.1839,2.366,true,206.6,
arxiv/1512.03385v1.pdf,paper,12,cera-wasm,7.9946,,,,false,,
arxiv/1512.03385v1.pdf,paper,12,cera-v8-wasm,10.5832,,,,false,,
arxiv/1512.03385v1.pdf,paper,12,pdfium-wasm,1.4235,,,,false,,
arxiv/1706.03762v7.pdf,paper,15,mupdf,1.0000,1.0000,0.0000,2.235,true,77.6,
arxiv/1706.03762v7.pdf,paper,15,cera,1.0679,0.3118,0.0594,2.849,false,146.2,
arxiv/1706.03762v7.pdf,paper,15,pdfium,0.8463,0.7984,0.0699,2.576,true,113.2,
arxiv/1706.03762v7.pdf,paper,15,hayro,0.6468,1.1547,0.2152,2.834,true,31.7,
arxiv/1706.03762v7.pdf,paper,15,pdfjs,10.1788,7.9996,0.1128,1.962,true,433.2,
arxiv/1706.03762v7.pdf,paper,15,cera-wasm,6.9362,,,,false,,
arxiv/1706.03762v7.pdf,paper,15,cera-v8-wasm,8.0473,,,,false,,
arxiv/1706.03762v7.pdf,paper,15,pdfium-wasm,1.3849,,,,false,,
arxiv/2010.11929v2.pdf,paper,22,mupdf,1.0000,1.0000,0.0000,3.458,true,82.9,
arxiv/2010.11929v2.pdf,paper,22,cera,1.2264,0.5477,0.1164,3.652,false,130.2,
arxiv/2010.11929v2.pdf,paper,22,pdfium,1.0940,1.6464,0.0681,2.543,true,117.4,
arxiv/2010.11929v2.pdf,paper,22,hayro,0.9208,1.0593,0.0679,4.572,true,26.2,
arxiv/2010.11929v2.pdf,paper,22,pdfjs,15.6634,11.2541,0.1032,2.075,true,449.9,
arxiv/2010.11929v2.pdf,paper,22,cera-wasm,8.2193,,,,false,,
arxiv/2010.11929v2.pdf,paper,22,cera-v8-wasm,10.2038,,,,false,,
arxiv/2010.11929v2.pdf,paper,22,pdfium-wasm,2.1892,,,,false,,
pdfjs/TrueType_without_cmap.pdf,text,1,mupdf,1.0000,1.0000,0.0000,0.401,true,45.9,
pdfjs/TrueType_without_cmap.pdf,text,1,cera,0.1378,0.2113,0.2923,0.739,false,13.6,
pdfjs/TrueType_without_cmap.pdf,text,1,pdfium,0.4765,0.7403,0.1730,0.439,true,30.0,
pdfjs/TrueType_without_cmap.pdf,text,1,hayro,0.2304,0.4620,0.4903,0.360,true,5.4,
pdfjs/TrueType_without_cmap.pdf,text,1,pdfjs,18.9454,4.1289,0.0491,0.477,true,96.2,
pdfjs/TrueType_without_cmap.pdf,text,1,cera-wasm,0.3565,,,,false,,
pdfjs/TrueType_without_cmap.pdf,text,1,cera-v8-wasm,5.3442,,,,false,,
pdfjs/TrueType_without_cmap.pdf,text,1,pdfium-wasm,0.2352,,,,false,,
pdfjs/annotation-caret-ink.pdf,vector,1,mupdf,1.0000,1.0000,0.0000,1.093,true,60.3,
pdfjs/annotation-caret-ink.pdf,vector,1,cera,0.5403,0.3194,0.1737,0.806,false,39.3,
pdfjs/annotation-caret-ink.pdf,vector,1,pdfium,0.5361,0.5420,0.0839,1.006,true,93.1,
pdfjs/annotation-caret-ink.pdf,vector,1,hayro,0.2918,0.4299,0.1005,0.945,true,14.7,
pdfjs/annotation-caret-ink.pdf,vector,1,pdfjs,8.4131,1.5412,0.0470,1.237,true,143.5,
pdfjs/annotation-caret-ink.pdf,vector,1,cera-wasm,3.3525,,,,false,,
pdfjs/annotation-caret-ink.pdf,vector,1,cera-v8-wasm,6.2298,,,,false,,
pdfjs/annotation-caret-ink.pdf,vector,1,pdfium-wasm,0.4623,,,,false,,
pdfjs/bitmap-composite-and-xnor-text.pdf,scan,1,mupdf,1.0000,1.0000,0.0000,0.928,true,49.1,
pdfjs/bitmap-composite-and-xnor-text.pdf,scan,1,cera,0.6126,0.3442,0.5891,1.868,false,18.3,
pdfjs/bitmap-composite-and-xnor-text.pdf,scan,1,pdfium,0.9558,1.7602,0.0889,1.022,true,49.4,
pdfjs/bitmap-composite-and-xnor-text.pdf,scan,1,hayro,1.5121,1.3161,0.1308,0.906,true,8.9,
pdfjs/bitmap-composite-and-xnor-text.pdf,scan,1,pdfjs,25.8859,8.2118,0.5234,0.472,true,120.6,
pdfjs/bitmap-composite-and-xnor-text.pdf,scan,1,cera-wasm,4.0647,,,,false,,
pdfjs/bitmap-composite-and-xnor-text.pdf,scan,1,cera-v8-wasm,10.0372,,,,false,,
pdfjs/bitmap-composite-and-xnor-text.pdf,scan,1,pdfium-wasm,1.6751,,,,false,,
pdfjs/blendmode.pdf,transparency,1,mupdf,1.0000,1.0000,0.0000,1.049,true,60.3,
pdfjs/blendmode.pdf,transparency,1,cera,0.7093,0.1858,0.0764,3.861,false,56.6,
pdfjs/blendmode.pdf,transparency,1,pdfium,1.0861,1.4268,0.0518,1.093,true,93.4,
pdfjs/blendmode.pdf,transparency,1,hayro,1.0224,1.2311,0.0247,1.082,true,16.0,
pdfjs/blendmode.pdf,transparency,1,pdfjs,3.4965,1.1419,0.2847,1.024,true,157.7,
pdfjs/blendmode.pdf,transparency,1,cera-wasm,5.4496,,,,false,,
pdfjs/blendmode.pdf,transparency,1,cera-v8-wasm,7.0647,,,,false,,
pdfjs/blendmode.pdf,transparency,1,pdfium-wasm,2.0577,,,,false,,
pdfjs/ccitt_EndOfBlock_false.pdf,scan,1,mupdf,1.0000,1.0000,0.0000,1.091,true,57.4,
pdfjs/ccitt_EndOfBlock_false.pdf,scan,1,cera,0.3625,0.4630,0.1668,1.490,false,35.3,
pdfjs/ccitt_EndOfBlock_false.pdf,scan,1,pdfium,0.7020,1.0823,0.1115,0.996,true,91.3,
pdfjs/ccitt_EndOfBlock_false.pdf,scan,1,hayro,0.8255,0.8201,0.0889,1.088,true,14.0,
pdfjs/ccitt_EndOfBlock_false.pdf,scan,1,pdfjs,11.5314,1.9549,0.1372,0.809,true,136.6,
pdfjs/ccitt_EndOfBlock_false.pdf,scan,1,cera-wasm,1.4737,,,,false,,
pdfjs/ccitt_EndOfBlock_false.pdf,scan,1,cera-v8-wasm,4.7685,,,,false,,
pdfjs/ccitt_EndOfBlock_false.pdf,scan,1,pdfium-wasm,1.0372,,,,false,,
pdfjs/cid_cff.pdf,text,1,mupdf,1.0000,1.0000,0.0000,0.876,true,64.7,
pdfjs/cid_cff.pdf,text,1,cera,0.1942,0.3075,0.1474,0.443,false,32.1,
pdfjs/cid_cff.pdf,text,1,pdfium,0.3627,0.4253,0.0521,0.686,true,81.8,
pdfjs/cid_cff.pdf,text,1,hayro,0.5559,0.3425,0.0408,0.609,true,12.9,
pdfjs/cid_cff.pdf,text,1,pdfjs,11.2854,0.9357,0.3228,0.743,true,153.9,
pdfjs/cid_cff.pdf,text,1,cera-wasm,1.1779,,,,false,,
pdfjs/cid_cff.pdf,text,1,cera-v8-wasm,4.4942,,,,false,,
pdfjs/cid_cff.pdf,text,1,pdfium-wasm,0.3273,,,,false,,
pdfjs/clippath.pdf,vector,1,mupdf,1.0000,1.0000,0.0000,0.441,true,45.5,
pdfjs/clippath.pdf,vector,1,cera,0.0446,0.3273,2.6946,0.691,false,13.4,
pdfjs/clippath.pdf,vector,1,pdfium,0.3201,0.8120,0.1206,0.429,true,31.1,
pdfjs/clippath.pdf,vector,1,hayro,0.0522,0.4434,0.1220,0.340,true,5.3,
pdfjs/clippath.pdf,vector,1,pdfjs,10.4037,3.2246,0.0783,0.582,true,101.4,
pdfjs/clippath.pdf,vector,1,cera-wasm,0.1009,,,,false,,
pdfjs/clippath.pdf,vector,1,cera-v8-wasm,2.0988,,,,false,,
pdfjs/clippath.pdf,vector,1,pdfium-wasm,0.0422,,,,false,,
pdfjs/cmykjpeg.pdf,image,1,mupdf,1.0000,1.0000,0.0000,0.858,true,59.1,
pdfjs/cmykjpeg.pdf,image,1,cera,0.6256,0.4392,0.1849,0.732,false,40.8,
pdfjs/cmykjpeg.pdf,image,1,pdfium,0.2659,1.1820,0.0170,1.050,true,90.0,
pdfjs/cmykjpeg.pdf,image,1,hayro,0.6011,1.1137,0.0212,0.863,true,14.9,
pdfjs/cmykjpeg.pdf,image,1,pdfjs,3.6289,5.9842,0.4832,0.555,true,140.6,
pdfjs/cmykjpeg.pdf,image,1,cera-wasm,5.2867,,,,false,,
pdfjs/cmykjpeg.pdf,image,1,cera-v8-wasm,4.9809,,,,false,,
pdfjs/cmykjpeg.pdf,image,1,pdfium-wasm,0.2639,,,,false,,
pdfjs/devicen.pdf,image,1,mupdf,1.0000,1.0000,0.0000,0.551,true,57.2,
pdfjs/devicen.pdf,image,1,cera,0.3941,1.7827,0.4600,0.263,false,34.4,
pdfjs/devicen.pdf,image,1,pdfium,0.6346,1.4816,0.6654,0.478,true,88.7,
pdfjs/devicen.pdf,image,1,hayro,0.9893,1.3024,0.8818,0.411,true,13.8,
pdfjs/devicen.pdf,image,1,pdfjs,12.9705,3.2527,0.4704,0.481,true,162.2,
pdfjs/devicen.pdf,image,1,cera-wasm,1.4227,,,,false,,
pdfjs/devicen.pdf,image,1,cera-v8-wasm,5.3154,,,,false,,
pdfjs/devicen.pdf,image,1,pdfium-wasm,0.4961,,,,false,,
pdfjs/function_based_shading.pdf,shading,1,mupdf,1.0000,1.0000,0.0000,1.195,true,67.6,
pdfjs/function_based_shading.pdf,shading,1,cera,0.2145,0.0138,0.3616,4.216,false,40.4,
pdfjs/function_based_shading.pdf,shading,1,pdfium,0.3826,0.5386,0.3136,1.511,true,89.5,
pdfjs/function_based_shading.pdf,shading,1,hayro,0.4167,0.6755,0.1857,1.168,true,17.9,
pdfjs/function_based_shading.pdf,shading,1,pdfjs,1.2154,1.7286,0.2201,1.265,true,218.2,
pdfjs/function_based_shading.pdf,shading,1,cera-wasm,1.3108,,,,false,,
pdfjs/function_based_shading.pdf,shading,1,cera-v8-wasm,0.7479,,,,false,,
pdfjs/function_based_shading.pdf,shading,1,pdfium-wasm,1.1569,,,,false,,
pdfjs/function_based_shading_cmyk.pdf,shading,2,mupdf,1.0000,1.0000,0.0000,1.278,true,113.2,
pdfjs/function_based_shading_cmyk.pdf,shading,2,cera,0.3253,0.0778,0.1317,3.694,false,147.7,
pdfjs/function_based_shading_cmyk.pdf,shading,2,pdfium,0.5177,10.7827,0.0236,1.028,true,323.0,
pdfjs/function_based_shading_cmyk.pdf,shading,2,hayro,0.4062,7.8225,0.0259,1.014,true,81.8,
pdfjs/function_based_shading_cmyk.pdf,shading,2,pdfjs,1.4286,9.4817,0.0429,1.027,true,994.9,
pdfjs/function_based_shading_cmyk.pdf,shading,2,cera-wasm,2.9194,,,,false,,
pdfjs/function_based_shading_cmyk.pdf,shading,2,cera-v8-wasm,1.5158,,,,false,,
pdfjs/function_based_shading_cmyk.pdf,shading,2,pdfium-wasm,0.8369,,,,false,,
pdfjs/issue7847_radial.pdf,shading,1,mupdf,1.0000,1.0000,0.0000,1.204,true,48.1,
pdfjs/issue7847_radial.pdf,shading,1,cera,0.6000,0.3383,0.2961,3.144,false,15.9,
pdfjs/issue7847_radial.pdf,shading,1,pdfium,1.7783,2.3700,0.0786,1.005,true,43.2,
pdfjs/issue7847_radial.pdf,shading,1,hayro,0.4629,0.2292,0.0925,0.938,true,7.2,
pdfjs/issue7847_radial.pdf,shading,1,pdfjs,11.4807,2.2032,0.0878,1.313,true,127.2,
pdfjs/issue7847_radial.pdf,shading,1,cera-wasm,3.1180,,,,false,,
pdfjs/issue7847_radial.pdf,shading,1,cera-v8-wasm,4.9529,,,,false,,
pdfjs/issue7847_radial.pdf,shading,1,pdfium-wasm,1.3258,,,,false,,
pdfjs/jbig2_symbol_offset.pdf,scan,1,mupdf,1.0000,1.0000,0.0000,0.586,true,57.0,
pdfjs/jbig2_symbol_offset.pdf,scan,1,cera,0.8485,0.8133,0.1503,0.717,false,35.2,
pdfjs/jbig2_symbol_offset.pdf,scan,1,pdfium,1.8509,1.3783,0.0960,0.996,true,91.2,
pdfjs/jbig2_symbol_offset.pdf,scan,1,hayro,1.3777,1.2520,0.0737,0.845,true,13.8,
pdfjs/jbig2_symbol_offset.pdf,scan,1,pdfjs,50.3564,3.0227,0.2914,0.828,true,148.2,
pdfjs/jbig2_symbol_offset.pdf,scan,1,cera-wasm,3.2310,,,,false,,
pdfjs/jbig2_symbol_offset.pdf,scan,1,cera-v8-wasm,21.5635,,,,false,,
pdfjs/jbig2_symbol_offset.pdf,scan,1,pdfium-wasm,1.6574,,,,false,,
pdfjs/jp2k-resetprob.pdf,image,1,mupdf,1.0000,1.0000,0.0000,0.367,true,45.3,
pdfjs/jp2k-resetprob.pdf,image,1,cera,0.5094,0.3051,0.2758,0.389,false,13.1,
pdfjs/jp2k-resetprob.pdf,image,1,pdfium,0.6237,1.7084,0.0874,0.743,true,29.1,
pdfjs/jp2k-resetprob.pdf,image,1,hayro,0.6095,1.6240,0.1911,0.869,true,5.1,
pdfjs/jp2k-resetprob.pdf,image,1,pdfjs,37.4724,32.6058,0.2773,0.372,true,142.4,
pdfjs/jp2k-resetprob.pdf,image,1,cera-wasm,2.8059,,,,false,,
pdfjs/jp2k-resetprob.pdf,image,1,cera-v8-wasm,11.7140,,,,false,,
pdfjs/jp2k-resetprob.pdf,image,1,pdfium-wasm,0.3057,,,,false,,
pdfjs/jpx_smaskindata.pdf,image,1,mupdf,1.0000,1.0000,0.0000,0.600,true,45.3,
pdfjs/jpx_smaskindata.pdf,image,1,cera,0.1857,0.3492,0.0728,0.677,false,13.2,
pdfjs/jpx_smaskindata.pdf,image,1,pdfium,0.6256,0.9431,0.2090,0.671,true,29.5,
pdfjs/jpx_smaskindata.pdf,image,1,hayro,0.1363,0.5755,0.1854,0.692,true,5.3,
pdfjs/jpx_smaskindata.pdf,image,1,pdfjs,29.9406,11.5541,0.1510,0.736,true,100.9,
pdfjs/jpx_smaskindata.pdf,image,1,cera-wasm,0.6577,,,,false,,
pdfjs/jpx_smaskindata.pdf,image,1,cera-v8-wasm,7.4325,,,,false,,
pdfjs/jpx_smaskindata.pdf,image,1,pdfium-wasm,0.2031,,,,false,,
pdfjs/knockout_blend_multiply.pdf,transparency,1,mupdf,1.0000,1.0000,0.0000,1.204,true,46.9,
pdfjs/knockout_blend_multiply.pdf,transparency,1,cera,0.8105,0.2870,0.0610,2.839,false,18.2,
pdfjs/knockout_blend_multiply.pdf,transparency,1,pdfium,0.7348,0.3950,0.1599,1.026,true,32.6,
pdfjs/knockout_blend_multiply.pdf,transparency,1,hayro,1.0470,0.1245,0.2038,0.797,true,5.8,
pdfjs/knockout_blend_multiply.pdf,transparency,1,pdfjs,24.2257,1.5504,0.2132,0.959,true,115.7,
pdfjs/knockout_blend_multiply.pdf,transparency,1,cera-wasm,5.6384,,,,false,,
pdfjs/knockout_blend_multiply.pdf,transparency,1,cera-v8-wasm,11.1390,,,,false,,
pdfjs/knockout_blend_multiply.pdf,transparency,1,pdfium-wasm,0.4698,,,,false,,
pdfjs/knockout_nested.pdf,transparency,1,mupdf,1.0000,1.0000,0.0000,1.057,true,47.6,
pdfjs/knockout_nested.pdf,transparency,1,cera,1.0766,0.5019,0.1470,2.212,false,18.7,
pdfjs/knockout_nested.pdf,transparency,1,pdfium,0.8390,0.3800,0.2274,0.709,true,32.6,
pdfjs/knockout_nested.pdf,transparency,1,hayro,0.2125,0.2173,0.1747,0.693,true,6.2,
pdfjs/knockout_nested.pdf,transparency,1,pdfjs,29.7818,7.1735,0.3929,0.545,true,109.9,
pdfjs/knockout_nested.pdf,transparency,1,cera-wasm,6.5432,,,,false,,
pdfjs/knockout_nested.pdf,transparency,1,cera-v8-wasm,14.3649,,,,false,,
pdfjs/knockout_nested.pdf,transparency,1,pdfium-wasm,0.3415,,,,false,,
pdfjs/mmtype1.pdf,text,1,mupdf,1.0000,1.0000,0.0000,0.417,true,46.0,
pdfjs/mmtype1.pdf,text,1,cera,0.0925,0.2483,0.5923,0.693,false,13.7,
pdfjs/mmtype1.pdf,text,1,pdfium,0.3206,0.8925,0.1330,0.511,true,30.3,
pdfjs/mmtype1.pdf,text,1,hayro,0.0775,0.5642,0.2373,0.450,true,5.5,
pdfjs/mmtype1.pdf,text,1,pdfjs,11.3859,3.8958,0.0517,0.603,true,96.5,
pdfjs/mmtype1.pdf,text,1,cera-wasm,0.5171,,,,false,,
pdfjs/mmtype1.pdf,text,1,cera-v8-wasm,3.5637,,,,false,,
pdfjs/mmtype1.pdf,text,1,pdfium-wasm,0.1770,,,,false,,
pdfjs/nonisolated_blend_smask.pdf,transparency,1,mupdf,1.0000,1.0000,0.0000,1.130,true,49.8,
pdfjs/nonisolated_blend_smask.pdf,transparency,1,cera,1.1333,0.2478,0.2583,2.279,false,23.5,
pdfjs/nonisolated_blend_smask.pdf,transparency,1,pdfium,1.0900,0.5190,0.0531,1.065,true,40.1,
pdfjs/nonisolated_blend_smask.pdf,transparency,1,hayro,0.4847,0.5326,0.0270,1.079,true,7.9,
pdfjs/nonisolated_blend_smask.pdf,transparency,1,pdfjs,14.5106,2.4376,0.1564,1.090,true,136.9,
pdfjs/nonisolated_blend_smask.pdf,transparency,1,cera-wasm,7.4372,,,,false,,
pdfjs/nonisolated_blend_smask.pdf,transparency,1,cera-v8-wasm,13.0854,,,,false,,
pdfjs/nonisolated_blend_smask.pdf,transparency,1,pdfium-wasm,0.8003,,,,false,,
pdfjs/pattern_text_embedded_font.pdf,text,1,mupdf,1.0000,1.0000,0.0000,1.169,true,57.8,
pdfjs/pattern_text_embedded_font.pdf,text,1,cera,0.3011,0.5739,0.2339,1.155,false,36.3,
pdfjs/pattern_text_embedded_font.pdf,text,1,pdfium,0.7911,1.6946,0.0166,1.006,true,91.3,
pdfjs/pattern_text_embedded_font.pdf,text,1,hayro,0.2015,0.4762,0.0787,1.013,true,14.2,
pdfjs/pattern_text_embedded_font.pdf,text,1,pdfjs,8.6047,7.2046,0.0229,1.209,true,204.3,
pdfjs/pattern_text_embedded_font.pdf,text,1,cera-wasm,1.6460,,,,false,,
pdfjs/pattern_text_embedded_font.pdf,text,1,cera-v8-wasm,4.0480,,,,false,,
pdfjs/pattern_text_embedded_font.pdf,text,1,pdfium-wasm,0.6639,,,,false,,
pdfjs/radial_gradients.pdf,shading,5,mupdf,1.0000,1.0000,0.0000,3.354,true,58.6,
pdfjs/radial_gradients.pdf,shading,5,cera,1.0980,0.9452,0.1329,5.117,false,40.4,
pdfjs/radial_gradients.pdf,shading,5,pdfium,2.4671,2.1704,0.0597,4.351,true,92.6,
pdfjs/radial_gradients.pdf,shading,5,hayro,0.2690,2.6266,0.1032,3.102,true,19.4,
pdfjs/radial_gradients.pdf,shading,5,pdfjs,4.3181,0.9662,0.2779,1.659,true,137.0,
pdfjs/radial_gradients.pdf,shading,5,cera-wasm,6.4167,,,,false,,
pdfjs/radial_gradients.pdf,shading,5,cera-v8-wasm,8.1313,,,,false,,
pdfjs/radial_gradients.pdf,shading,5,pdfium-wasm,1.8380,,,,false,,
pdfjs/simpletype3font.pdf,text,1,mupdf,1.0000,1.0000,0.0000,0.694,true,57.3,
pdfjs/simpletype3font.pdf,text,1,cera,0.3269,0.9069,0.1310,0.808,false,34.4,
pdfjs/simpletype3font.pdf,text,1,pdfium,0.6813,1.6219,0.0445,0.938,true,89.0,
pdfjs/simpletype3font.pdf,text,1,hayro,0.3735,1.2113,0.1085,0.999,true,13.3,
pdfjs/simpletype3font.pdf,text,1,pdfjs,15.8670,2.7161,0.1176,0.903,true,173.9,
pdfjs/simpletype3font.pdf,text,1,cera-wasm,1.1047,,,,false,,
pdfjs/simpletype3font.pdf,text,1,cera-v8-wasm,4.9175,,,,false,,
pdfjs/simpletype3font.pdf,text,1,pdfium-wasm,0.3741,,,,false,,
pdfjs/smask_alpha_bc.pdf,transparency,1,mupdf,1.0000,1.0000,0.0000,0.670,true,45.9,
pdfjs/smask_alpha_bc.pdf,transparency,1,cera,1.2660,0.9894,0.1475,1.960,false,13.7,
pdfjs/smask_alpha_bc.pdf,transparency,1,pdfium,2.0888,1.4435,0.0835,0.945,true,33.1,
pdfjs/smask_alpha_bc.pdf,transparency,1,hayro,1.0417,1.5382,0.0933,0.893,true,6.3,
pdfjs/smask_alpha_bc.pdf,transparency,1,pdfjs,60.6850,6.5519,0.1455,0.804,true,131.4,
pdfjs/smask_alpha_bc.pdf,transparency,1,cera-wasm,6.1070,,,,false,,
pdfjs/smask_alpha_bc.pdf,transparency,1,cera-v8-wasm,27.2573,,,,false,,
pdfjs/smask_alpha_bc.pdf,transparency,1,pdfium-wasm,1.0232,,,,false,,
pdfjs/smaskdim.pdf,transparency,1,mupdf,1.0000,1.0000,0.0000,1.145,true,59.8,
pdfjs/smaskdim.pdf,transparency,1,cera,0.4549,0.3664,0.2668,1.112,false,38.4,
pdfjs/smaskdim.pdf,transparency,1,pdfium,0.6082,0.5541,0.0472,1.012,true,91.1,
pdfjs/smaskdim.pdf,transparency,1,hayro,1.2258,3.3539,0.0391,1.089,true,14.7,
pdfjs/smaskdim.pdf,transparency,1,pdfjs,10.0038,2.6972,0.1507,1.115,true,153.1,
pdfjs/smaskdim.pdf,transparency,1,cera-wasm,3.8135,,,,false,,
pdfjs/smaskdim.pdf,transparency,1,cera-v8-wasm,6.3249,,,,false,,
pdfjs/smaskdim.pdf,transparency,1,pdfium-wasm,0.4614,,,,false,,
pdfjs/text_clip_cff_cid.pdf,text,1,mupdf,1.0000,1.0000,0.0000,0.770,true,47.6,
pdfjs/text_clip_cff_cid.pdf,text,1,cera,0.8192,0.7834,0.3246,0.691,false,16.8,
pdfjs/text_clip_cff_cid.pdf,text,1,pdfium,1.2745,1.1646,0.0930,0.835,true,43.7,
pdfjs/text_clip_cff_cid.pdf,text,1,hayro,0.4704,0.6003,0.0942,0.945,true,7.9,
pdfjs/text_clip_cff_cid.pdf,text,1,pdfjs,40.2617,2.7220,0.1824,0.604,true,124.8,
pdfjs/text_clip_cff_cid.pdf,text,1,cera-wasm,3.0752,,,,false,,
pdfjs/text_clip_cff_cid.pdf,text,1,cera-v8-wasm,15.6127,,,,false,,
pdfjs/text_clip_cff_cid.pdf,text,1,pdfium-wasm,1.1526,,,,false,,
pdfjs/tiling-pattern-box.pdf,shading,1,mupdf,1.0000,1.0000,0.0000,1.011,true,60.9,
pdfjs/tiling-pattern-box.pdf,shading,1,cera,0.2480,0.1248,0.0636,2.200,false,36.6,
pdfjs/tiling-pattern-box.pdf,shading,1,pdfium,0.1583,0.1282,0.1765,0.764,true,91.5,
pdfjs/tiling-pattern-box.pdf,shading,1,hayro,92.2061,50.6367,0.0838,1.039,true,8643.4,
pdfjs/tiling-pattern-box.pdf,shading,1,pdfjs,3.0351,0.6232,0.8137,1.091,true,128.2,
pdfjs/tiling-pattern-box.pdf,shading,1,cera-wasm,1.9222,,,,false,,
pdfjs/tiling-pattern-box.pdf,shading,1,cera-v8-wasm,2.6609,,,,false,,
pdfjs/tiling-pattern-box.pdf,shading,1,pdfium-wasm,0.2937,,,,false,,
pdfjs/tiling_patterns_variations.pdf,shading,1,mupdf,1.0000,1.0000,0.0000,1.200,true,56.6,
pdfjs/tiling_patterns_variations.pdf,shading,1,cera,0.7281,0.7541,0.1411,1.807,false,35.6,
pdfjs/tiling_patterns_variations.pdf,shading,1,pdfium,0.6334,1.1040,0.0549,1.438,true,88.0,
pdfjs/tiling_patterns_variations.pdf,shading,1,hayro,0.5699,1.1099,0.0083,1.131,true,14.1,
pdfjs/tiling_patterns_variations.pdf,shading,1,pdfjs,6.5417,2.3553,0.1360,1.060,true,138.5,
pdfjs/tiling_patterns_variations.pdf,shading,1,cera-wasm,3.8145,,,,false,,
pdfjs/tiling_patterns_variations.pdf,shading,1,cera-v8-wasm,4.8939,,,,false,,
pdfjs/tiling_patterns_variations.pdf,shading,1,pdfium-wasm,0.5919,,,,false,,
pdfjs/tracemonkey.pdf,text,14,mupdf,1.0000,1.0000,0.0000,1.868,true,71.5,
pdfjs/tracemonkey.pdf,text,14,cera,0.9867,0.6043,0.0621,2.638,false,65.9,
pdfjs/tracemonkey.pdf,text,14,pdfium,0.6060,0.9261,0.0760,2.645,true,99.0,
pdfjs/tracemonkey.pdf,text,14,hayro,1.0266,0.6938,0.0433,5.555,true,24.2,
pdfjs/tracemonkey.pdf,text,14,pdfjs,11.0640,7.6451,0.0360,1.792,true,325.7,
pdfjs/tracemonkey.pdf,text,14,cera-wasm,5.4084,,,,false,,
pdfjs/tracemonkey.pdf,text,14,cera-v8-wasm,6.0761,,,,false,,
pdfjs/tracemonkey.pdf,text,14,pdfium-wasm,1.1407,,,,false,,
pdfjs/transparency_group.pdf,transparency,1,mupdf,1.0000,1.0000,0.0000,1.113,true,71.4,
pdfjs/transparency_group.pdf,transparency,1,cera,0.2286,0.1366,0.0765,3.616,false,56.7,
pdfjs/transparency_group.pdf,transparency,1,pdfium,0.5826,1.0631,0.0640,1.054,true,89.5,
pdfjs/transparency_group.pdf,transparency,1,hayro,0.1495,0.2576,0.0808,1.032,true,14.5,
pdfjs/transparency_group.pdf,transparency,1,pdfjs,1.5329,0.6414,0.0508,1.065,true,143.9,
pdfjs/transparency_group.pdf,transparency,1,cera-wasm,1.3079,,,,false,,
pdfjs/transparency_group.pdf,transparency,1,cera-v8-wasm,1.8572,,,,false,,
pdfjs/transparency_group.pdf,transparency,1,pdfium-wasm,0.8995,,,,false,,
synthetic/contours-3000.pdf,drawing,1,mupdf,1.0000,1.0000,0.0000,1.216,true,70.6,
synthetic/contours-3000.pdf,drawing,1,cera,0.3181,0.0763,0.0894,4.568,false,65.2,
synthetic/contours-3000.pdf,drawing,1,pdfium,0.5129,0.5235,0.1242,1.118,true,155.7,
synthetic/contours-3000.pdf,drawing,1,hayro,0.1941,0.1906,0.1068,1.226,true,30.9,
synthetic/contours-3000.pdf,drawing,1,pdfjs,1.1454,0.5216,0.3062,1.164,true,230.8,
synthetic/contours-3000.pdf,drawing,1,cera-wasm,2.5379,,,,false,,
synthetic/contours-3000.pdf,drawing,1,cera-v8-wasm,1.5990,,,,false,,
synthetic/contours-3000.pdf,drawing,1,pdfium-wasm,0.8512,,,,false,,
synthetic/fills-subpixel.pdf,drawing,1,mupdf,1.0000,1.0000,0.0000,1.331,true,69.9,
synthetic/fills-subpixel.pdf,drawing,1,cera,0.2703,0.1579,0.0715,1.674,false,61.5,
synthetic/fills-subpixel.pdf,drawing,1,pdfium,0.4000,0.4227,0.0937,1.074,true,153.4,
synthetic/fills-subpixel.pdf,drawing,1,hayro,0.2087,0.2237,0.0263,1.125,true,23.2,
synthetic/fills-subpixel.pdf,drawing,1,pdfjs,3.2512,0.6554,0.2009,1.330,true,158.8,
synthetic/fills-subpixel.pdf,drawing,1,cera-wasm,1.1749,,,,false,,
synthetic/fills-subpixel.pdf,drawing,1,cera-v8-wasm,1.9668,,,,false,,
synthetic/fills-subpixel.pdf,drawing,1,pdfium-wasm,0.8138,,,,false,,
synthetic/hatch-2000-0.35mm.pdf,drawing,1,mupdf,1.0000,1.0000,0.0000,1.026,true,70.0,
synthetic/hatch-2000-0.35mm.pdf,drawing,1,cera,0.0200,0.0048,0.0611,4.363,false,68.0,
synthetic/hatch-2000-0.35mm.pdf,drawing,1,pdfium,0.0771,0.0734,0.0685,1.028,true,154.0,
synthetic/hatch-2000-0.35mm.pdf,drawing,1,hayro,0.0333,0.0289,0.0956,1.058,true,51.6,
synthetic/hatch-2000-0.35mm.pdf,drawing,1,pdfjs,0.0499,0.0201,0.1820,1.137,true,173.5,
synthetic/hatch-2000-0.35mm.pdf,drawing,1,cera-wasm,0.2002,,,,false,,
synthetic/hatch-2000-0.35mm.pdf,drawing,1,cera-v8-wasm,0.1012,,,,false,,
synthetic/hatch-2000-0.35mm.pdf,drawing,1,pdfium-wasm,0.2012,,,,false,,
synthetic/hatch-2000-hairline.pdf,drawing,1,mupdf,1.0000,1.0000,0.0000,0.981,true,70.1,
synthetic/hatch-2000-hairline.pdf,drawing,1,cera,0.0165,0.0029,0.1234,5.468,false,61.0,
synthetic/hatch-2000-hairline.pdf,drawing,1,pdfium,0.0899,0.0637,0.0461,1.044,true,154.0,
synthetic/hatch-2000-hairline.pdf,drawing,1,hayro,0.0318,0.0266,0.0110,1.049,true,49.1,
synthetic/hatch-2000-hairline.pdf,drawing,1,pdfjs,0.0532,0.0210,0.0189,0.984,true,197.7,
synthetic/hatch-2000-hairline.pdf,drawing,1,cera-wasm,0.2637,,,,false,,
synthetic/hatch-2000-hairline.pdf,drawing,1,cera-v8-wasm,0.1061,,,,false,,
synthetic/hatch-2000-hairline.pdf,drawing,1,pdfium-wasm,0.1933,,,,false,,
synthetic/hatch-2000-maskclip.pdf,drawing,1,mupdf,1.0000,1.0000,0.0000,0.955,true,70.1,
synthetic/hatch-2000-maskclip.pdf,drawing,1,cera,0.0328,0.0046,0.0297,5.558,false,63.5,
synthetic/hatch-2000-maskclip.pdf,drawing,1,pdfium,0.1471,0.1282,0.0643,0.934,true,153.9,
synthetic/hatch-2000-maskclip.pdf,drawing,1,hayro,0.0465,0.0420,0.0991,0.904,true,36.0,
synthetic/hatch-2000-maskclip.pdf,drawing,1,pdfjs,0.1063,0.0480,0.1112,0.866,true,187.0,
synthetic/hatch-2000-maskclip.pdf,drawing,1,cera-wasm,0.2036,,,,false,,
synthetic/hatch-2000-maskclip.pdf,drawing,1,cera-v8-wasm,0.1851,,,,false,,
synthetic/hatch-2000-maskclip.pdf,drawing,1,pdfium-wasm,0.3814,,,,false,,
synthetic/joins-caps.pdf,drawing,1,mupdf,1.0000,1.0000,0.0000,1.006,true,69.9,
synthetic/joins-caps.pdf,drawing,1,cera,0.2846,0.1689,0.1597,1.804,false,61.1,
synthetic/joins-caps.pdf,drawing,1,pdfium,0.4415,0.4227,0.1591,0.891,true,153.2,
synthetic/joins-caps.pdf,drawing,1,hayro,0.2495,0.2508,0.1015,1.025,true,23.9,
synthetic/joins-caps.pdf,drawing,1,pdfjs,2.9513,0.4198,0.0041,1.228,true,152.8,
synthetic/joins-caps.pdf,drawing,1,cera-wasm,1.5823,,,,false,,
synthetic/joins-caps.pdf,drawing,1,cera-v8-wasm,2.2415,,,,false,,
synthetic/joins-caps.pdf,drawing,1,pdfium-wasm,0.8379,,,,false,,
synthetic/short-20000-0.35mm.pdf,drawing,1,mupdf,1.0000,1.0000,0.0000,1.102,true,71.0,
synthetic/short-20000-0.35mm.pdf,drawing,1,cera,0.3781,0.1154,0.0683,3.809,false,76.8,
synthetic/short-20000-0.35mm.pdf,drawing,1,pdfium,0.6813,0.7169,0.0508,1.239,true,159.6,
synthetic/short-20000-0.35mm.pdf,drawing,1,hayro,0.3516,0.3871,0.0411,1.233,true,32.2,
synthetic/short-20000-0.35mm.pdf,drawing,1,pdfjs,3.6252,2.2760,0.1043,1.169,true,339.2,
synthetic/short-20000-0.35mm.pdf,drawing,1,cera-wasm,3.9584,,,,false,,
synthetic/short-20000-0.35mm.pdf,drawing,1,cera-v8-wasm,2.3769,,,,false,,
synthetic/short-20000-0.35mm.pdf,drawing,1,pdfium-wasm,1.5884,,,,false,,
synthetic/short-20000-hairline.pdf,drawing,1,mupdf,1.0000,1.0000,0.0000,1.196,true,71.1,
synthetic/short-20000-hairline.pdf,drawing,1,cera,0.3716,0.1363,0.1721,3.282,false,76.3,
synthetic/short-20000-hairline.pdf,drawing,1,pdfium,0.6807,0.7934,0.0648,1.211,true,159.8,
synthetic/short-20000-hairline.pdf,drawing,1,hayro,0.3928,0.3668,0.0574,1.325,true,31.3,
synthetic/short-20000-hairline.pdf,drawing,1,pdfjs,3.7761,3.3066,0.1806,1.046,true,383.6,
synthetic/short-20000-hairline.pdf,drawing,1,cera-wasm,4.0975,,,,false,,
synthetic/short-20000-hairline.pdf,drawing,1,cera-v8-wasm,2.3774,,,,false,,
synthetic/short-20000-hairline.pdf,drawing,1,pdfium-wasm,1.2809,,,,false,,
