file,category,page,engine,ratio,spread,ink,width,height,allocs,bytes,again,error
arxiv/1406.2661v1.pdf,paper,1,mupdf,1.0000,0.0000,0.09034,1275,1650,,,,
arxiv/1406.2661v1.pdf,paper,1,cera,1.4919,0.0729,0.09137,1275,1651,1,48,0.5700,
arxiv/1406.2661v1.pdf,paper,1,pdfium,1.7145,0.2080,0.10969,1275,1651,,,,
arxiv/1406.2661v1.pdf,paper,1,hayro,3.1125,0.1545,0.09207,1275,1649,,,,
arxiv/1406.2661v1.pdf,paper,1,pdfjs,8.7366,0.2309,0.08904,1275,1651,,,,
arxiv/1406.2661v1.pdf,paper,1,cera-wasm,10.6967,0.1819,0.09137,1275,1651,,,,
arxiv/1406.2661v1.pdf,paper,1,pdfium-wasm,3.2572,0.1882,0.10931,1275,1651,,,,
arxiv/1406.2661v1.pdf,paper,2,mupdf,1.0000,0.0000,0.11415,1275,1650,,,,
arxiv/1406.2661v1.pdf,paper,2,cera,1.4365,0.0718,0.11495,1275,1651,1,48,0.8862,
arxiv/1406.2661v1.pdf,paper,2,pdfium,1.7581,0.2491,0.14068,1275,1651,,,,
arxiv/1406.2661v1.pdf,paper,2,hayro,3.7868,0.1923,0.11591,1275,1649,,,,
arxiv/1406.2661v1.pdf,paper,2,pdfjs,8.2005,0.1915,0.11256,1275,1651,,,,
arxiv/1406.2661v1.pdf,paper,2,cera-wasm,14.0976,0.1320,0.11495,1275,1651,,,,
arxiv/1406.2661v1.pdf,paper,2,pdfium-wasm,3.8537,0.0546,0.14059,1275,1651,,,,
arxiv/1406.2661v1.pdf,paper,3,mupdf,1.0000,0.0000,0.08810,1275,1650,,,,
arxiv/1406.2661v1.pdf,paper,3,cera,0.3651,0.1191,0.08915,1275,1651,469,3792,0.8234,
arxiv/1406.2661v1.pdf,paper,3,pdfium,0.6952,0.0748,0.10784,1275,1651,,,,
arxiv/1406.2661v1.pdf,paper,3,hayro,0.8542,0.0749,0.09001,1275,1649,,,,
arxiv/1406.2661v1.pdf,paper,3,pdfjs,10.2395,0.0231,0.08610,1275,1651,,,,
arxiv/1406.2661v1.pdf,paper,3,cera-wasm,3.6838,0.2210,0.08915,1275,1651,,,,
arxiv/1406.2661v1.pdf,paper,3,pdfium-wasm,1.7212,0.0409,0.10807,1275,1651,,,,
arxiv/1406.2661v1.pdf,paper,4,mupdf,1.0000,0.0000,0.05131,1275,1650,,,,
arxiv/1406.2661v1.pdf,paper,4,cera,1.3276,0.0926,0.05188,1275,1651,1,48,0.6268,
arxiv/1406.2661v1.pdf,paper,4,pdfium,1.7270,0.1435,0.06316,1275,1651,,,,
arxiv/1406.2661v1.pdf,paper,4,hayro,2.5709,0.1221,0.05212,1275,1649,,,,
arxiv/1406.2661v1.pdf,paper,4,pdfjs,6.2732,0.1327,0.05090,1275,1651,,,,
arxiv/1406.2661v1.pdf,paper,4,cera-wasm,10.8458,0.2026,0.05188,1275,1651,,,,
arxiv/1406.2661v1.pdf,paper,4,pdfium-wasm,4.0276,0.0792,0.06313,1275,1651,,,,
arxiv/1406.2661v1.pdf,paper,5,mupdf,1.0000,0.0000,0.07770,1275,1650,,,,
arxiv/1406.2661v1.pdf,paper,5,cera,1.3907,0.2245,0.07794,1275,1651,1,48,0.6917,
arxiv/1406.2661v1.pdf,paper,5,pdfium,1.7366,0.2595,0.09608,1275,1651,,,,
arxiv/1406.2661v1.pdf,paper,5,hayro,2.8909,0.1980,0.07844,1275,1649,,,,
arxiv/1406.2661v1.pdf,paper,5,pdfjs,7.8565,0.2020,0.07621,1275,1651,,,,
arxiv/1406.2661v1.pdf,paper,5,cera-wasm,12.9502,0.2864,0.07794,1275,1651,,,,
arxiv/1406.2661v1.pdf,paper,5,pdfium-wasm,4.1618,0.3344,0.09604,1275,1651,,,,
arxiv/1406.2661v1.pdf,paper,6,mupdf,1.0000,0.0000,0.24916,1275,1650,,,,
arxiv/1406.2661v1.pdf,paper,6,cera,0.6833,0.3642,0.24734,1275,1651,1,48,0.7466,
arxiv/1406.2661v1.pdf,paper,6,pdfium,1.4107,0.1040,0.26219,1275,1651,,,,
arxiv/1406.2661v1.pdf,paper,6,hayro,1.3814,0.0779,0.24796,1275,1649,,,,
arxiv/1406.2661v1.pdf,paper,6,pdfjs,3.8338,0.1901,0.24570,1275,1651,,,,
arxiv/1406.2661v1.pdf,paper,6,cera-wasm,5.0822,0.0234,0.24734,1275,1651,,,,
arxiv/1406.2661v1.pdf,paper,6,pdfium-wasm,2.5714,0.1237,0.26159,1275,1651,,,,
arxiv/1406.2661v1.pdf,paper,7,mupdf,1.0000,0.0000,0.10030,1275,1650,,,,
arxiv/1406.2661v1.pdf,paper,7,cera,1.2486,0.0118,0.10124,1275,1651,1,48,0.7873,
arxiv/1406.2661v1.pdf,paper,7,pdfium,1.5883,0.1513,0.11920,1275,1651,,,,
arxiv/1406.2661v1.pdf,paper,7,hayro,2.6047,0.0250,0.10174,1275,1649,,,,
arxiv/1406.2661v1.pdf,paper,7,pdfjs,6.0421,0.1167,0.09887,1275,1651,,,,
arxiv/1406.2661v1.pdf,paper,7,cera-wasm,9.0899,0.2165,0.10124,1275,1651,,,,
arxiv/1406.2661v1.pdf,paper,7,pdfium-wasm,3.4645,0.0941,0.11915,1275,1651,,,,
arxiv/1406.2661v1.pdf,paper,8,mupdf,1.0000,0.0000,0.09186,1275,1650,,,,
arxiv/1406.2661v1.pdf,paper,8,cera,1.3808,0.0814,0.09244,1275,1651,1,48,0.6449,
arxiv/1406.2661v1.pdf,paper,8,pdfium,1.7987,0.1538,0.11349,1275,1651,,,,
arxiv/1406.2661v1.pdf,paper,8,hayro,3.0686,0.0842,0.09303,1275,1649,,,,
arxiv/1406.2661v1.pdf,paper,8,pdfjs,7.6413,0.1553,0.09040,1275,1651,,,,
arxiv/1406.2661v1.pdf,paper,8,cera-wasm,11.8452,0.1231,0.09244,1275,1651,,,,
arxiv/1406.2661v1.pdf,paper,8,pdfium-wasm,3.7041,0.0741,0.11343,1275,1651,,,,
arxiv/1406.2661v1.pdf,paper,9,mupdf,1.0000,0.0000,0.05539,1275,1650,,,,
arxiv/1406.2661v1.pdf,paper,9,cera,1.3867,0.2052,0.05633,1275,1651,1,48,0.8027,
arxiv/1406.2661v1.pdf,paper,9,pdfium,1.6520,0.2134,0.06883,1275,1651,,,,
arxiv/1406.2661v1.pdf,paper,9,hayro,3.0965,0.0893,0.05696,1275,1649,,,,
arxiv/1406.2661v1.pdf,paper,9,pdfjs,7.0406,0.2074,0.05482,1275,1651,,,,
arxiv/1406.2661v1.pdf,paper,9,cera-wasm,10.4939,0.1087,0.05633,1275,1651,,,,
arxiv/1406.2661v1.pdf,paper,9,pdfium-wasm,3.1359,0.0864,0.06881,1275,1651,,,,
arxiv/1512.03385v1.pdf,paper,1,mupdf,1.0000,0.0000,0.10730,1275,1650,,,,
arxiv/1512.03385v1.pdf,paper,1,cera,1.0103,0.1315,0.10825,1275,1651,6,80,0.5819,
arxiv/1512.03385v1.pdf,paper,1,pdfium,1.3010,0.0207,0.13185,1275,1651,,,,
arxiv/1512.03385v1.pdf,paper,1,hayro,2.3795,0.0553,0.10913,1275,1649,,,,
arxiv/1512.03385v1.pdf,paper,1,pdfjs,6.1587,0.1808,0.10557,1275,1651,,,,
arxiv/1512.03385v1.pdf,paper,1,cera-wasm,10.6178,0.1136,0.10825,1275,1651,,,,
arxiv/1512.03385v1.pdf,paper,1,pdfium-wasm,2.8004,0.0625,0.13189,1275,1651,,,,
arxiv/1512.03385v1.pdf,paper,2,mupdf,1.0000,0.0000,0.13515,1275,1650,,,,
arxiv/1512.03385v1.pdf,paper,2,cera,1.2076,0.0332,0.13564,1275,1651,5,64,0.5271,
arxiv/1512.03385v1.pdf,paper,2,pdfium,1.3857,0.1346,0.16601,1275,1651,,,,
arxiv/1512.03385v1.pdf,paper,2,hayro,2.4164,0.2739,0.13671,1275,1649,,,,
arxiv/1512.03385v1.pdf,paper,2,pdfjs,6.5308,0.2530,0.13267,1275,1651,,,,
arxiv/1512.03385v1.pdf,paper,2,cera-wasm,10.1305,0.0964,0.13564,1275,1651,,,,
arxiv/1512.03385v1.pdf,paper,2,pdfium-wasm,3.3816,0.1014,0.16590,1275,1651,,,,
arxiv/1512.03385v1.pdf,paper,3,mupdf,1.0000,0.0000,0.13277,1275,1650,,,,
arxiv/1512.03385v1.pdf,paper,3,cera,1.3248,0.0208,0.13362,1275,1651,1,48,0.6352,
arxiv/1512.03385v1.pdf,paper,3,pdfium,1.5502,0.0697,0.16391,1275,1651,,,,
arxiv/1512.03385v1.pdf,paper,3,hayro,3.2802,0.1777,0.13426,1275,1649,,,,
arxiv/1512.03385v1.pdf,paper,3,pdfjs,7.4776,0.0604,0.13070,1275,1651,,,,
arxiv/1512.03385v1.pdf,paper,3,cera-wasm,10.9496,0.0765,0.13362,1275,1651,,,,
arxiv/1512.03385v1.pdf,paper,3,pdfium-wasm,3.5535,0.0542,0.16382,1275,1651,,,,
arxiv/1512.03385v1.pdf,paper,4,mupdf,1.0000,0.0000,0.15441,1275,1650,,,,
arxiv/1512.03385v1.pdf,paper,4,cera,0.9527,0.0916,0.15511,1275,1651,20,1088,0.5150,
arxiv/1512.03385v1.pdf,paper,4,pdfium,1.1302,0.0849,0.17301,1275,1651,,,,
arxiv/1512.03385v1.pdf,paper,4,hayro,1.7983,0.0789,0.15587,1275,1649,,,,
arxiv/1512.03385v1.pdf,paper,4,pdfjs,7.4951,0.1216,0.15147,1275,1651,,,,
arxiv/1512.03385v1.pdf,paper,4,cera-wasm,11.9353,0.0552,0.15511,1275,1651,,,,
arxiv/1512.03385v1.pdf,paper,4,pdfium-wasm,2.4643,0.1559,0.17297,1275,1651,,,,
arxiv/1512.03385v1.pdf,paper,5,mupdf,1.0000,0.0000,0.08916,1275,1650,,,,
arxiv/1512.03385v1.pdf,paper,5,cera,0.7484,0.0629,0.09429,1275,1651,5,64,0.5611,
arxiv/1512.03385v1.pdf,paper,5,pdfium,1.0294,0.0730,0.11241,1275,1651,,,,
arxiv/1512.03385v1.pdf,paper,5,hayro,1.4632,0.1978,0.09471,1275,1649,,,,
arxiv/1512.03385v1.pdf,paper,5,pdfjs,5.8384,0.0962,0.09177,1275,1651,,,,
arxiv/1512.03385v1.pdf,paper,5,cera-wasm,6.4729,0.1303,0.09429,1275,1651,,,,
arxiv/1512.03385v1.pdf,paper,5,pdfium-wasm,2.2671,0.1007,0.11281,1275,1651,,,,
arxiv/1512.03385v1.pdf,paper,6,mupdf,1.0000,0.0000,0.11112,1275,1650,,,,
arxiv/1512.03385v1.pdf,paper,6,cera,1.1784,0.0182,0.11195,1275,1651,4,64,0.5979,
arxiv/1512.03385v1.pdf,paper,6,pdfium,1.4019,0.0560,0.13579,1275,1651,,,,
arxiv/1512.03385v1.pdf,paper,6,hayro,2.2317,0.0932,0.11285,1275,1649,,,,
arxiv/1512.03385v1.pdf,paper,6,pdfjs,5.3469,0.2932,0.10933,1275,1651,,,,
arxiv/1512.03385v1.pdf,paper,6,cera-wasm,9.2469,0.0533,0.11195,1275,1651,,,,
arxiv/1512.03385v1.pdf,paper,6,pdfium-wasm,2.7739,0.1058,0.13567,1275,1651,,,,
arxiv/1512.03385v1.pdf,paper,7,mupdf,1.0000,0.0000,0.12624,1275,1650,,,,
arxiv/1512.03385v1.pdf,paper,7,cera,1.1602,0.1202,0.12870,1275,1651,1,48,0.5084,
arxiv/1512.03385v1.pdf,paper,7,pdfium,1.4695,0.1503,0.15559,1275,1651,,,,
arxiv/1512.03385v1.pdf,paper,7,hayro,2.5450,0.0358,0.12932,1275,1649,,,,
arxiv/1512.03385v1.pdf,paper,7,pdfjs,6.8100,0.0928,0.12565,1275,1651,,,,
arxiv/1512.03385v1.pdf,paper,7,cera-wasm,12.2381,0.0559,0.12870,1275,1651,,,,
arxiv/1512.03385v1.pdf,paper,7,pdfium-wasm,3.3858,0.0817,0.15546,1275,1651,,,,
arxiv/1512.03385v1.pdf,paper,8,mupdf,1.0000,0.0000,0.11090,1275,1650,,,,
arxiv/1512.03385v1.pdf,paper,8,cera,0.6776,0.1873,0.11402,1275,1651,9,80,0.4600,
arxiv/1512.03385v1.pdf,paper,8,pdfium,0.8117,0.0726,0.13583,1275,1651,,,,
arxiv/1512.03385v1.pdf,paper,8,hayro,1.0886,0.0543,0.11470,1275,1649,,,,
arxiv/1512.03385v1.pdf,paper,8,pdfjs,3.5268,0.1135,0.11026,1275,1651,,,,
arxiv/1512.03385v1.pdf,paper,8,cera-wasm,5.2327,0.0394,0.11402,1275,1651,,,,
arxiv/1512.03385v1.pdf,paper,8,pdfium-wasm,1.8721,0.1868,0.13574,1275,1651,,,,
arxiv/1512.03385v1.pdf,paper,9,mupdf,1.0000,0.0000,0.11155,1275,1650,,,,
arxiv/1512.03385v1.pdf,paper,9,cera,1.1908,0.0806,0.11346,1275,1651,1,48,0.5096,
arxiv/1512.03385v1.pdf,paper,9,pdfium,1.4074,0.0376,0.13844,1275,1651,,,,
arxiv/1512.03385v1.pdf,paper,9,hayro,3.0039,0.1040,0.11477,1275,1649,,,,
arxiv/1512.03385v1.pdf,paper,9,pdfjs,7.1621,0.0284,0.11100,1275,1651,,,,
arxiv/1512.03385v1.pdf,paper,9,cera-wasm,10.9082,0.0235,0.11346,1275,1651,,,,
arxiv/1512.03385v1.pdf,paper,9,pdfium-wasm,3.1770,0.0293,0.13830,1275,1651,,,,
arxiv/1512.03385v1.pdf,paper,10,mupdf,1.0000,0.0000,0.13624,1275,1650,,,,
arxiv/1512.03385v1.pdf,paper,10,cera,1.3175,0.1607,0.13683,1275,1651,1,48,0.5420,
arxiv/1512.03385v1.pdf,paper,10,pdfium,1.6175,0.0634,0.16747,1275,1651,,,,
arxiv/1512.03385v1.pdf,paper,10,hayro,3.1195,0.0931,0.13794,1275,1649,,,,
arxiv/1512.03385v1.pdf,paper,10,pdfjs,5.9252,0.0373,0.13394,1275,1651,,,,
arxiv/1512.03385v1.pdf,paper,10,cera-wasm,13.5588,0.0322,0.13683,1275,1651,,,,
arxiv/1512.03385v1.pdf,paper,10,pdfium-wasm,3.6222,0.0960,0.16730,1275,1651,,,,
arxiv/1512.03385v1.pdf,paper,11,mupdf,1.0000,0.0000,0.10545,1275,1650,,,,
arxiv/1512.03385v1.pdf,paper,11,cera,1.0637,0.1588,0.10747,1275,1651,1,48,0.5386,
arxiv/1512.03385v1.pdf,paper,11,pdfium,1.3311,0.0759,0.12906,1275,1651,,,,
arxiv/1512.03385v1.pdf,paper,11,hayro,2.3275,0.1560,0.10808,1275,1649,,,,
arxiv/1512.03385v1.pdf,paper,11,pdfjs,5.8196,0.2372,0.10470,1275,1651,,,,
arxiv/1512.03385v1.pdf,paper,11,cera-wasm,9.1831,0.1150,0.10747,1275,1651,,,,
arxiv/1512.03385v1.pdf,paper,11,pdfium-wasm,2.9128,0.1665,0.12896,1275,1651,,,,
arxiv/1512.03385v1.pdf,paper,12,mupdf,1.0000,0.0000,0.13481,1275,1650,,,,
arxiv/1512.03385v1.pdf,paper,12,cera,1.1933,0.1216,0.13688,1275,1651,1,48,0.5281,
arxiv/1512.03385v1.pdf,paper,12,pdfium,1.4495,0.0810,0.16597,1275,1651,,,,
arxiv/1512.03385v1.pdf,paper,12,hayro,2.8684,0.0159,0.13827,1275,1649,,,,
arxiv/1512.03385v1.pdf,paper,12,pdfjs,6.7007,0.0754,0.13424,1275,1651,,,,
arxiv/1512.03385v1.pdf,paper,12,cera-wasm,10.5169,0.0981,0.13688,1275,1651,,,,
arxiv/1512.03385v1.pdf,paper,12,pdfium-wasm,3.0607,0.0993,0.16585,1275,1651,,,,
arxiv/1706.03762v7.pdf,paper,1,mupdf,1.0000,0.0000,0.07768,1275,1650,,,,
arxiv/1706.03762v7.pdf,paper,1,cera,1.0633,0.0288,0.07844,1275,1651,1,48,0.6729,
arxiv/1706.03762v7.pdf,paper,1,pdfium,1.3637,0.1190,0.09390,1275,1651,,,,
arxiv/1706.03762v7.pdf,paper,1,hayro,2.4143,0.0686,0.07896,1275,1649,,,,
arxiv/1706.03762v7.pdf,paper,1,pdfjs,5.2685,0.1922,0.07654,1275,1651,,,,
arxiv/1706.03762v7.pdf,paper,1,cera-wasm,8.4182,0.0106,0.07844,1275,1651,,,,
arxiv/1706.03762v7.pdf,paper,1,pdfium-wasm,2.3973,0.0487,0.09392,1275,1651,,,,
arxiv/1706.03762v7.pdf,paper,2,mupdf,1.0000,0.0000,0.10664,1275,1650,,,,
arxiv/1706.03762v7.pdf,paper,2,cera,0.9772,0.0798,0.10770,1275,1651,1,48,0.6255,
arxiv/1706.03762v7.pdf,paper,2,pdfium,1.1211,0.0363,0.13143,1275,1651,,,,
arxiv/1706.03762v7.pdf,paper,2,hayro,2.2478,0.1113,0.10824,1275,1649,,,,
arxiv/1706.03762v7.pdf,paper,2,pdfjs,4.5101,0.3588,0.10548,1275,1651,,,,
arxiv/1706.03762v7.pdf,paper,2,cera-wasm,7.9268,0.0959,0.10770,1275,1651,,,,
arxiv/1706.03762v7.pdf,paper,2,pdfium-wasm,2.7098,0.0382,0.13137,1275,1651,,,,
arxiv/1706.03762v7.pdf,paper,3,mupdf,1.0000,0.0000,0.09985,1275,1650,,,,
arxiv/1706.03762v7.pdf,paper,3,cera,0.4624,0.0086,0.09979,1275,1651,1,48,0.7488,
arxiv/1706.03762v7.pdf,paper,3,pdfium,1.8694,0.1155,0.11062,1275,1651,,,,
arxiv/1706.03762v7.pdf,paper,3,hayro,1.3410,0.0413,0.10059,1275,1649,,,,
arxiv/1706.03762v7.pdf,paper,3,pdfjs,6.9132,0.2914,0.09856,1275,1651,,,,
arxiv/1706.03762v7.pdf,paper,3,cera-wasm,3.5609,0.0408,0.09979,1275,1651,,,,
arxiv/1706.03762v7.pdf,paper,3,pdfium-wasm,3.8508,0.1306,0.11051,1275,1651,,,,
arxiv/1706.03762v7.pdf,paper,4,mupdf,1.0000,0.0000,0.08365,1275,1650,,,,
arxiv/1706.03762v7.pdf,paper,4,cera,0.3932,0.2002,0.08453,1275,1651,1,48,0.8048,
arxiv/1706.03762v7.pdf,paper,4,pdfium,1.1985,0.0591,0.09873,1275,1651,,,,
arxiv/1706.03762v7.pdf,paper,4,hayro,1.1484,0.0181,0.08538,1275,1649,,,,
arxiv/1706.03762v7.pdf,paper,4,pdfjs,5.3382,0.0713,0.08347,1275,1651,,,,
arxiv/1706.03762v7.pdf,paper,4,cera-wasm,3.3417,0.0630,0.08453,1275,1651,,,,
arxiv/1706.03762v7.pdf,paper,4,pdfium-wasm,2.6248,0.0913,0.09867,1275,1651,,,,
arxiv/1706.03762v7.pdf,paper,5,mupdf,1.0000,0.0000,0.07814,1275,1650,,,,
arxiv/1706.03762v7.pdf,paper,5,cera,1.1279,0.0520,0.07824,1275,1651,1,48,0.7029,
arxiv/1706.03762v7.pdf,paper,5,pdfium,1.3933,0.0726,0.09621,1275,1651,,,,
arxiv/1706.03762v7.pdf,paper,5,hayro,2.5097,0.0488,0.07886,1275,1649,,,,
arxiv/1706.03762v7.pdf,paper,5,pdfjs,6.9167,0.1385,0.07656,1275,1651,,,,
arxiv/1706.03762v7.pdf,paper,5,cera-wasm,8.9326,0.0355,0.07824,1275,1651,,,,
arxiv/1706.03762v7.pdf,paper,5,pdfium-wasm,2.9226,0.1997,0.09618,1275,1651,,,,
arxiv/1706.03762v7.pdf,paper,6,mupdf,1.0000,0.0000,0.08836,1275,1650,,,,
arxiv/1706.03762v7.pdf,paper,6,cera,1.0288,0.0292,0.08853,1275,1651,1,48,0.7308,
arxiv/1706.03762v7.pdf,paper,6,pdfium,1.4156,0.0345,0.10852,1275,1651,,,,
arxiv/1706.03762v7.pdf,paper,6,hayro,2.3703,0.1197,0.08932,1275,1649,,,,
arxiv/1706.03762v7.pdf,paper,6,pdfjs,6.5913,0.2414,0.08672,1275,1651,,,,
arxiv/1706.03762v7.pdf,paper,6,cera-wasm,9.0725,0.3280,0.08853,1275,1651,,,,
arxiv/1706.03762v7.pdf,paper,6,pdfium-wasm,2.6723,0.1843,0.10849,1275,1651,,,,
arxiv/1706.03762v7.pdf,paper,7,mupdf,1.0000,0.0000,0.08273,1275,1650,,,,
arxiv/1706.03762v7.pdf,paper,7,cera,1.0631,0.0299,0.08333,1275,1651,1,48,0.6529,
arxiv/1706.03762v7.pdf,paper,7,pdfium,1.3709,0.0459,0.10208,1275,1651,,,,
arxiv/1706.03762v7.pdf,paper,7,hayro,2.3124,0.0308,0.08382,1275,1649,,,,
arxiv/1706.03762v7.pdf,paper,7,pdfjs,6.3738,0.1258,0.08157,1275,1651,,,,
arxiv/1706.03762v7.pdf,paper,7,cera-wasm,9.1439,0.2533,0.08333,1275,1651,,,,
arxiv/1706.03762v7.pdf,paper,7,pdfium-wasm,2.9248,0.1494,0.10203,1275,1651,,,,
arxiv/1706.03762v7.pdf,paper,8,mupdf,1.0000,0.0000,0.08374,1275,1650,,,,
arxiv/1706.03762v7.pdf,paper,8,cera,1.0118,0.0992,0.08507,1275,1651,1,48,0.7594,
arxiv/1706.03762v7.pdf,paper,8,pdfium,1.4260,0.0838,0.10286,1275,1651,,,,
arxiv/1706.03762v7.pdf,paper,8,hayro,2.1654,0.1348,0.08601,1275,1649,,,,
arxiv/1706.03762v7.pdf,paper,8,pdfjs,6.5798,0.1427,0.08336,1275,1651,,,,
arxiv/1706.03762v7.pdf,paper,8,cera-wasm,8.0657,0.0874,0.08507,1275,1651,,,,
arxiv/1706.03762v7.pdf,paper,8,pdfium-wasm,2.7502,0.1601,0.10278,1275,1651,,,,
arxiv/1706.03762v7.pdf,paper,9,mupdf,1.0000,0.0000,0.07958,1275,1650,,,,
arxiv/1706.03762v7.pdf,paper,9,cera,0.9494,0.1408,0.08200,1275,1651,1,48,0.8337,
arxiv/1706.03762v7.pdf,paper,9,pdfium,1.3603,0.2518,0.09773,1275,1651,,,,
arxiv/1706.03762v7.pdf,paper,9,hayro,1.9712,0.3124,0.08231,1275,1649,,,,
arxiv/1706.03762v7.pdf,paper,9,pdfjs,4.6189,0.0976,0.07981,1275,1651,,,,
arxiv/1706.03762v7.pdf,paper,9,cera-wasm,6.8354,0.2100,0.08200,1275,1651,,,,
arxiv/1706.03762v7.pdf,paper,9,pdfium-wasm,2.6408,0.1522,0.09762,1275,1651,,,,
arxiv/1706.03762v7.pdf,paper,10,mupdf,1.0000,0.0000,0.08497,1275,1650,,,,
arxiv/1706.03762v7.pdf,paper,10,cera,1.0893,0.0326,0.08609,1275,1651,1,48,0.5742,
arxiv/1706.03762v7.pdf,paper,10,pdfium,1.4277,0.0934,0.10321,1275,1651,,,,
arxiv/1706.03762v7.pdf,paper,10,hayro,2.2106,0.1472,0.08690,1275,1649,,,,
arxiv/1706.03762v7.pdf,paper,10,pdfjs,5.9557,0.3390,0.08392,1275,1651,,,,
arxiv/1706.03762v7.pdf,paper,10,cera-wasm,7.7392,0.2647,0.08609,1275,1651,,,,
arxiv/1706.03762v7.pdf,paper,10,pdfium-wasm,2.9630,0.0575,0.10311,1275,1651,,,,
arxiv/1706.03762v7.pdf,paper,11,mupdf,1.0000,0.0000,0.08266,1275,1650,,,,
arxiv/1706.03762v7.pdf,paper,11,cera,0.9199,0.0975,0.08370,1275,1651,1,48,0.5242,
arxiv/1706.03762v7.pdf,paper,11,pdfium,1.1624,0.1176,0.10187,1275,1651,,,,
arxiv/1706.03762v7.pdf,paper,11,hayro,2.0854,0.0758,0.08498,1275,1649,,,,
arxiv/1706.03762v7.pdf,paper,11,pdfjs,5.3863,0.0925,0.08226,1275,1651,,,,
arxiv/1706.03762v7.pdf,paper,11,cera-wasm,7.7167,0.1564,0.08370,1275,1651,,,,
arxiv/1706.03762v7.pdf,paper,11,pdfium-wasm,2.3635,0.1944,0.10177,1275,1651,,,,
arxiv/1706.03762v7.pdf,paper,12,mupdf,1.0000,0.0000,0.08248,1275,1650,,,,
arxiv/1706.03762v7.pdf,paper,12,cera,0.9903,0.0526,0.08319,1275,1651,1,48,0.6476,
arxiv/1706.03762v7.pdf,paper,12,pdfium,1.1498,0.0431,0.10143,1275,1651,,,,
arxiv/1706.03762v7.pdf,paper,12,hayro,2.0171,0.0650,0.08412,1275,1649,,,,
arxiv/1706.03762v7.pdf,paper,12,pdfjs,4.7732,0.1671,0.08145,1275,1651,,,,
arxiv/1706.03762v7.pdf,paper,12,cera-wasm,7.0181,0.0919,0.08319,1275,1651,,,,
arxiv/1706.03762v7.pdf,paper,12,pdfium-wasm,2.3464,0.2577,0.10132,1275,1651,,,,
arxiv/1706.03762v7.pdf,paper,13,mupdf,1.0000,0.0000,0.02693,1275,1650,,,,
arxiv/1706.03762v7.pdf,paper,13,cera,0.2485,0.2673,0.02745,1275,1651,618,4992,0.3585,
arxiv/1706.03762v7.pdf,paper,13,pdfium,0.7705,0.1864,0.03172,1275,1651,,,,
arxiv/1706.03762v7.pdf,paper,13,hayro,1.2922,0.1245,0.02723,1275,1649,,,,
arxiv/1706.03762v7.pdf,paper,13,pdfjs,17.2315,0.1511,0.02624,1275,1651,,,,
arxiv/1706.03762v7.pdf,paper,13,cera-wasm,2.8257,0.3265,0.02745,1275,1651,,,,
arxiv/1706.03762v7.pdf,paper,13,pdfium-wasm,1.5666,0.1693,0.03174,1275,1651,,,,
arxiv/1706.03762v7.pdf,paper,14,mupdf,1.0000,0.0000,0.07672,1275,1650,,,,
arxiv/1706.03762v7.pdf,paper,14,cera,0.1316,0.0166,0.07862,1275,1651,1017,8176,0.4232,
arxiv/1706.03762v7.pdf,paper,14,pdfium,0.5856,0.0841,0.08357,1275,1651,,,,
arxiv/1706.03762v7.pdf,paper,14,hayro,1.4830,0.1372,0.07653,1275,1649,,,,
arxiv/1706.03762v7.pdf,paper,14,pdfjs,7.5620,0.0761,0.07529,1275,1651,,,,
arxiv/1706.03762v7.pdf,paper,14,cera-wasm,1.3386,0.1653,0.07862,1275,1651,,,,
arxiv/1706.03762v7.pdf,paper,14,pdfium-wasm,1.4329,0.1611,0.08348,1275,1651,,,,
arxiv/1706.03762v7.pdf,paper,15,mupdf,1.0000,0.0000,0.09380,1275,1650,,,,
arxiv/1706.03762v7.pdf,paper,15,cera,0.1055,0.0659,0.09455,1275,1651,933,7504,0.5428,
arxiv/1706.03762v7.pdf,paper,15,pdfium,0.5205,0.0660,0.09771,1275,1651,,,,
arxiv/1706.03762v7.pdf,paper,15,hayro,1.2848,0.1117,0.09370,1275,1649,,,,
arxiv/1706.03762v7.pdf,paper,15,pdfjs,6.1808,0.1249,0.09238,1275,1651,,,,
arxiv/1706.03762v7.pdf,paper,15,cera-wasm,1.0484,0.1190,0.09455,1275,1651,,,,
arxiv/1706.03762v7.pdf,paper,15,pdfium-wasm,1.4609,0.0365,0.09766,1275,1651,,,,
arxiv/2010.11929v2.pdf,paper,1,mupdf,1.0000,0.0000,0.09392,1275,1650,,,,
arxiv/2010.11929v2.pdf,paper,1,cera,1.0661,0.1538,0.09544,1275,1651,1,48,0.6672,
arxiv/2010.11929v2.pdf,paper,1,pdfium,1.4840,0.0444,0.11542,1275,1651,,,,
arxiv/2010.11929v2.pdf,paper,1,hayro,2.5593,0.1000,0.09631,1275,1649,,,,
arxiv/2010.11929v2.pdf,paper,1,pdfjs,6.7970,0.2008,0.09338,1275,1651,,,,
arxiv/2010.11929v2.pdf,paper,1,cera-wasm,10.0114,0.0632,0.09544,1275,1651,,,,
arxiv/2010.11929v2.pdf,paper,1,pdfium-wasm,3.0029,0.0722,0.11519,1275,1651,,,,
arxiv/2010.11929v2.pdf,paper,2,mupdf,1.0000,0.0000,0.11348,1275,1650,,,,
arxiv/2010.11929v2.pdf,paper,2,cera,1.3650,0.0879,0.11480,1275,1651,1,48,0.6111,
arxiv/2010.11929v2.pdf,paper,2,pdfium,1.7426,0.0663,0.14027,1275,1651,,,,
arxiv/2010.11929v2.pdf,paper,2,hayro,3.2850,0.0403,0.11565,1275,1649,,,,
arxiv/2010.11929v2.pdf,paper,2,pdfjs,7.6139,0.2079,0.11247,1275,1651,,,,
arxiv/2010.11929v2.pdf,paper,2,cera-wasm,13.3083,0.1603,0.11480,1275,1651,,,,
arxiv/2010.11929v2.pdf,paper,2,pdfium-wasm,4.1826,0.0615,0.14012,1275,1651,,,,
arxiv/2010.11929v2.pdf,paper,3,mupdf,1.0000,0.0000,0.11154,1275,1650,,,,
arxiv/2010.11929v2.pdf,paper,3,cera,0.6274,0.1180,0.11200,1275,1651,41,2560,0.5785,
arxiv/2010.11929v2.pdf,paper,3,pdfium,1.5291,0.0700,0.12661,1275,1651,,,,
arxiv/2010.11929v2.pdf,paper,3,hayro,1.3895,0.1079,0.11255,1275,1649,,,,
arxiv/2010.11929v2.pdf,paper,3,pdfjs,11.9523,0.1700,0.11029,1275,1651,,,,
arxiv/2010.11929v2.pdf,paper,3,cera-wasm,6.0988,0.1709,0.11200,1275,1651,,,,
arxiv/2010.11929v2.pdf,paper,3,pdfium-wasm,3.0784,0.1435,0.12642,1275,1651,,,,
arxiv/2010.11929v2.pdf,paper,4,mupdf,1.0000,0.0000,0.10059,1275,1650,,,,
arxiv/2010.11929v2.pdf,paper,4,cera,1.1989,0.0915,0.10202,1275,1651,1,48,0.5946,
arxiv/2010.11929v2.pdf,paper,4,pdfium,1.6101,0.0349,0.12447,1275,1651,,,,
arxiv/2010.11929v2.pdf,paper,4,hayro,2.9201,0.1717,0.10286,1275,1649,,,,
arxiv/2010.11929v2.pdf,paper,4,pdfjs,8.4294,0.1461,0.09976,1275,1651,,,,
arxiv/2010.11929v2.pdf,paper,4,cera-wasm,10.4833,0.1491,0.10202,1275,1651,,,,
arxiv/2010.11929v2.pdf,paper,4,pdfium-wasm,3.3819,0.1628,0.12438,1275,1651,,,,
arxiv/2010.11929v2.pdf,paper,5,mupdf,1.0000,0.0000,0.11386,1275,1650,,,,
arxiv/2010.11929v2.pdf,paper,5,cera,1.3559,0.0512,0.11498,1275,1651,1,48,0.6189,
arxiv/2010.11929v2.pdf,paper,5,pdfium,1.6803,0.0240,0.14015,1275,1651,,,,
arxiv/2010.11929v2.pdf,paper,5,hayro,3.2293,0.0300,0.11595,1275,1649,,,,
arxiv/2010.11929v2.pdf,paper,5,pdfjs,6.1126,0.0710,0.11256,1275,1651,,,,
arxiv/2010.11929v2.pdf,paper,5,cera-wasm,12.1195,0.1729,0.11498,1275,1651,,,,
arxiv/2010.11929v2.pdf,paper,5,pdfium-wasm,3.4849,0.1399,0.14003,1275,1651,,,,
arxiv/2010.11929v2.pdf,paper,6,mupdf,1.0000,0.0000,0.10833,1275,1650,,,,
arxiv/2010.11929v2.pdf,paper,6,cera,0.4273,0.0702,0.11012,1275,1651,2,64,0.6187,
arxiv/2010.11929v2.pdf,paper,6,pdfium,0.6677,0.0870,0.12836,1275,1651,,,,
arxiv/2010.11929v2.pdf,paper,6,hayro,0.9432,0.0342,0.11106,1275,1649,,,,
arxiv/2010.11929v2.pdf,paper,6,pdfjs,2.3593,0.1999,0.10685,1275,1651,,,,
arxiv/2010.11929v2.pdf,paper,6,cera-wasm,3.6467,0.0854,0.11012,1275,1651,,,,
arxiv/2010.11929v2.pdf,paper,6,pdfium-wasm,1.5938,0.0959,0.12914,1275,1651,,,,
arxiv/2010.11929v2.pdf,paper,7,mupdf,1.0000,0.0000,0.10356,1275,1650,,,,
arxiv/2010.11929v2.pdf,paper,7,cera,0.4548,0.0376,0.10693,1275,1651,84,768,0.7068,
arxiv/2010.11929v2.pdf,paper,7,pdfium,0.5962,0.0108,0.12060,1275,1651,,,,
arxiv/2010.11929v2.pdf,paper,7,hayro,0.7273,0.0199,0.10699,1275,1649,,,,
arxiv/2010.11929v2.pdf,paper,7,pdfjs,2.4504,0.0521,0.10376,1275,1651,,,,
arxiv/2010.11929v2.pdf,paper,7,cera-wasm,4.3810,0.0476,0.10693,1275,1651,,,,
arxiv/2010.11929v2.pdf,paper,7,pdfium-wasm,1.2760,0.1893,0.12048,1275,1651,,,,
arxiv/2010.11929v2.pdf,paper,8,mupdf,1.0000,0.0000,0.12503,1275,1650,,,,
arxiv/2010.11929v2.pdf,paper,8,cera,0.5297,0.1024,0.12708,1275,1651,3,64,0.6161,
arxiv/2010.11929v2.pdf,paper,8,pdfium,1.6167,0.2371,0.15029,1275,1651,,,,
arxiv/2010.11929v2.pdf,paper,8,hayro,1.8231,0.2925,0.12820,1275,1649,,,,
arxiv/2010.11929v2.pdf,paper,8,pdfjs,4.8385,0.2480,0.12499,1275,1651,,,,
arxiv/2010.11929v2.pdf,paper,8,cera-wasm,4.6378,0.4436,0.12708,1275,1651,,,,
arxiv/2010.11929v2.pdf,paper,8,pdfium-wasm,3.6197,0.1585,0.15007,1275,1651,,,,
arxiv/2010.11929v2.pdf,paper,9,mupdf,1.0000,0.0000,0.11444,1275,1650,,,,
arxiv/2010.11929v2.pdf,paper,9,cera,0.4898,0.0448,0.11546,1275,1651,391,3168,0.6713,
arxiv/2010.11929v2.pdf,paper,9,pdfium,1.2355,0.1629,0.13531,1275,1651,,,,
arxiv/2010.11929v2.pdf,paper,9,hayro,1.2184,0.1400,0.11610,1275,1649,,,,
arxiv/2010.11929v2.pdf,paper,9,pdfjs,11.0425,0.3147,0.11262,1275,1651,,,,
arxiv/2010.11929v2.pdf,paper,9,cera-wasm,5.1766,0.0634,0.11546,1275,1651,,,,
arxiv/2010.11929v2.pdf,paper,9,pdfium-wasm,2.8413,0.0701,0.13496,1275,1651,,,,
arxiv/2010.11929v2.pdf,paper,10,mupdf,1.0000,0.0000,0.07982,1275,1650,,,,
arxiv/2010.11929v2.pdf,paper,10,cera,1.3227,0.1162,0.08116,1275,1651,1,48,0.6029,
arxiv/2010.11929v2.pdf,paper,10,pdfium,1.6348,0.0859,0.09846,1275,1651,,,,
arxiv/2010.11929v2.pdf,paper,10,hayro,2.8608,0.1130,0.08215,1275,1649,,,,
arxiv/2010.11929v2.pdf,paper,10,pdfjs,6.7943,0.2547,0.07966,1275,1651,,,,
arxiv/2010.11929v2.pdf,paper,10,cera-wasm,12.7046,0.1368,0.08116,1275,1651,,,,
arxiv/2010.11929v2.pdf,paper,10,pdfium-wasm,3.5852,0.0652,0.09834,1275,1651,,,,
arxiv/2010.11929v2.pdf,paper,11,mupdf,1.0000,0.0000,0.08543,1275,1650,,,,
arxiv/2010.11929v2.pdf,paper,11,cera,1.2478,0.1750,0.08620,1275,1651,1,48,0.7336,
arxiv/2010.11929v2.pdf,paper,11,pdfium,1.5381,0.1776,0.10526,1275,1651,,,,
arxiv/2010.11929v2.pdf,paper,11,hayro,2.8910,0.0323,0.08662,1275,1649,,,,
arxiv/2010.11929v2.pdf,paper,11,pdfjs,6.5719,0.0834,0.08412,1275,1651,,,,
arxiv/2010.11929v2.pdf,paper,11,cera-wasm,9.8897,0.0075,0.08620,1275,1651,,,,
arxiv/2010.11929v2.pdf,paper,11,pdfium-wasm,3.0845,0.0623,0.10513,1275,1651,,,,
arxiv/2010.11929v2.pdf,paper,12,mupdf,1.0000,0.0000,0.06488,1275,1650,,,,
arxiv/2010.11929v2.pdf,paper,12,cera,1.2523,0.0508,0.06645,1275,1651,1,48,0.7701,
arxiv/2010.11929v2.pdf,paper,12,pdfium,1.3139,0.1179,0.07983,1275,1651,,,,
arxiv/2010.11929v2.pdf,paper,12,hayro,2.3066,0.0545,0.06714,1275,1649,,,,
arxiv/2010.11929v2.pdf,paper,12,pdfjs,5.1079,0.1741,0.06521,1275,1651,,,,
arxiv/2010.11929v2.pdf,paper,12,cera-wasm,8.5461,0.2905,0.06645,1275,1651,,,,
arxiv/2010.11929v2.pdf,paper,12,pdfium-wasm,3.0737,0.3762,0.07974,1275,1651,,,,
arxiv/2010.11929v2.pdf,paper,13,mupdf,1.0000,0.0000,0.07149,1275,1650,,,,
arxiv/2010.11929v2.pdf,paper,13,cera,1.0639,0.0502,0.07247,1275,1651,1,48,0.5496,
arxiv/2010.11929v2.pdf,paper,13,pdfium,1.6176,0.1257,0.08852,1275,1651,,,,
arxiv/2010.11929v2.pdf,paper,13,hayro,2.3762,0.3224,0.07318,1275,1649,,,,
arxiv/2010.11929v2.pdf,paper,13,pdfjs,6.0747,0.0643,0.07088,1275,1651,,,,
arxiv/2010.11929v2.pdf,paper,13,cera-wasm,8.1723,0.3283,0.07247,1275,1651,,,,
arxiv/2010.11929v2.pdf,paper,13,pdfium-wasm,3.0566,0.0995,0.08810,1275,1651,,,,
arxiv/2010.11929v2.pdf,paper,14,mupdf,1.0000,0.0000,0.09565,1275,1650,,,,
arxiv/2010.11929v2.pdf,paper,14,cera,1.3185,0.1172,0.09669,1275,1651,1,48,0.6340,
arxiv/2010.11929v2.pdf,paper,14,pdfium,1.2846,0.2566,0.11836,1275,1651,,,,
arxiv/2010.11929v2.pdf,paper,14,hayro,2.6436,0.2087,0.09724,1275,1649,,,,
arxiv/2010.11929v2.pdf,paper,14,pdfjs,5.7339,0.1815,0.09464,1275,1651,,,,
arxiv/2010.11929v2.pdf,paper,14,cera-wasm,9.2992,0.1126,0.09669,1275,1651,,,,
arxiv/2010.11929v2.pdf,paper,14,pdfium-wasm,3.3901,0.0437,0.11804,1275,1651,,,,
arxiv/2010.11929v2.pdf,paper,15,mupdf,1.0000,0.0000,0.07500,1275,1650,,,,
arxiv/2010.11929v2.pdf,paper,15,cera,1.0787,0.0953,0.07541,1275,1651,1,48,0.6500,
arxiv/2010.11929v2.pdf,paper,15,pdfium,1.5811,0.0499,0.09052,1275,1651,,,,
arxiv/2010.11929v2.pdf,paper,15,hayro,2.7417,0.0463,0.07632,1275,1649,,,,
arxiv/2010.11929v2.pdf,paper,15,pdfjs,6.9045,0.1540,0.07413,1275,1651,,,,
arxiv/2010.11929v2.pdf,paper,15,cera-wasm,7.9288,0.0417,0.07541,1275,1651,,,,
arxiv/2010.11929v2.pdf,paper,15,pdfium-wasm,3.3341,0.1859,0.09081,1275,1651,,,,
arxiv/2010.11929v2.pdf,paper,16,mupdf,1.0000,0.0000,0.07993,1275,1650,,,,
arxiv/2010.11929v2.pdf,paper,16,cera,0.4552,0.0908,0.08120,1275,1651,47,416,0.5870,
arxiv/2010.11929v2.pdf,paper,16,pdfium,0.5703,0.1012,0.09633,1275,1651,,,,
arxiv/2010.11929v2.pdf,paper,16,hayro,0.8830,0.0946,0.08190,1275,1649,,,,
arxiv/2010.11929v2.pdf,paper,16,pdfjs,3.8554,0.1734,0.07926,1275,1651,,,,
arxiv/2010.11929v2.pdf,paper,16,cera-wasm,4.3387,0.1117,0.08120,1275,1651,,,,
arxiv/2010.11929v2.pdf,paper,16,pdfium-wasm,1.1704,0.0421,0.09626,1275,1651,,,,
arxiv/2010.11929v2.pdf,paper,17,mupdf,1.0000,0.0000,0.06765,1275,1650,,,,
arxiv/2010.11929v2.pdf,paper,17,cera,0.4126,0.0286,0.06939,1275,1651,2,64,0.5091,
arxiv/2010.11929v2.pdf,paper,17,pdfium,0.5699,0.0953,0.08321,1275,1651,,,,
arxiv/2010.11929v2.pdf,paper,17,hayro,1.0015,0.0675,0.06988,1275,1649,,,,
arxiv/2010.11929v2.pdf,paper,17,pdfjs,2.7589,0.0991,0.06712,1275,1651,,,,
arxiv/2010.11929v2.pdf,paper,17,cera-wasm,3.5419,0.1545,0.06939,1275,1651,,,,
arxiv/2010.11929v2.pdf,paper,17,pdfium-wasm,1.0650,0.0696,0.08315,1275,1651,,,,
arxiv/2010.11929v2.pdf,paper,18,mupdf,1.0000,0.0000,0.12163,1275,1650,,,,
arxiv/2010.11929v2.pdf,paper,18,cera,0.5405,0.1126,0.12186,1275,1651,779,6272,0.6566,
arxiv/2010.11929v2.pdf,paper,18,pdfium,0.8203,0.2086,0.13369,1275,1651,,,,
arxiv/2010.11929v2.pdf,paper,18,hayro,0.8898,0.1892,0.12197,1275,1649,,,,
arxiv/2010.11929v2.pdf,paper,18,pdfjs,8.3660,0.0925,0.11975,1275,1651,,,,
arxiv/2010.11929v2.pdf,paper,18,cera-wasm,4.4581,0.1478,0.12186,1275,1651,,,,
arxiv/2010.11929v2.pdf,paper,18,pdfium-wasm,1.8462,0.2601,0.13381,1275,1651,,,,
arxiv/2010.11929v2.pdf,paper,19,mupdf,1.0000,0.0000,0.09756,1275,1650,,,,
arxiv/2010.11929v2.pdf,paper,19,cera,0.3374,0.2427,0.10077,1275,1651,2,64,0.6308,
arxiv/2010.11929v2.pdf,paper,19,pdfium,0.4488,0.1394,0.11776,1275,1651,,,,
arxiv/2010.11929v2.pdf,paper,19,hayro,0.6133,0.3345,0.10193,1275,1649,,,,
arxiv/2010.11929v2.pdf,paper,19,pdfjs,1.9821,0.5015,0.09823,1275,1651,,,,
arxiv/2010.11929v2.pdf,paper,19,cera-wasm,3.3237,0.0362,0.10077,1275,1651,,,,
arxiv/2010.11929v2.pdf,paper,19,pdfium-wasm,1.2578,0.1640,0.11765,1275,1651,,,,
arxiv/2010.11929v2.pdf,paper,20,mupdf,1.0000,0.0000,0.06353,1275,1650,,,,
arxiv/2010.11929v2.pdf,paper,20,cera,0.6327,0.1406,0.06838,1275,1651,15,160,0.6119,
arxiv/2010.11929v2.pdf,paper,20,pdfium,0.6870,0.1167,0.07999,1275,1651,,,,
arxiv/2010.11929v2.pdf,paper,20,hayro,1.0369,0.1408,0.06877,1275,1649,,,,
arxiv/2010.11929v2.pdf,paper,20,pdfjs,2.2858,0.2700,0.06690,1275,1651,,,,
arxiv/2010.11929v2.pdf,paper,20,cera-wasm,4.8700,0.2154,0.06838,1275,1651,,,,
arxiv/2010.11929v2.pdf,paper,20,pdfium-wasm,1.4545,0.2929,0.07990,1275,1651,,,,
arxiv/2010.11929v2.pdf,paper,21,mupdf,1.0000,0.0000,0.22923,1275,1650,,,,
arxiv/2010.11929v2.pdf,paper,21,cera,0.6119,0.2536,0.22942,1275,1651,3,64,0.8070,
arxiv/2010.11929v2.pdf,paper,21,pdfium,3.3746,0.2283,0.23062,1275,1651,,,,
arxiv/2010.11929v2.pdf,paper,21,hayro,2.0649,0.1915,0.23012,1275,1649,,,,
arxiv/2010.11929v2.pdf,paper,21,pdfjs,15.1251,0.0765,0.22111,1275,1651,,,,
arxiv/2010.11929v2.pdf,paper,21,cera-wasm,3.8203,0.1701,0.22942,1275,1651,,,,
arxiv/2010.11929v2.pdf,paper,21,pdfium-wasm,11.7314,0.2727,0.23079,1275,1651,,,,
arxiv/2010.11929v2.pdf,paper,22,mupdf,1.0000,0.0000,0.01436,1275,1650,,,,
arxiv/2010.11929v2.pdf,paper,22,cera,1.0858,0.0634,0.01566,1275,1651,1,48,0.7263,
arxiv/2010.11929v2.pdf,paper,22,pdfium,1.9840,0.1350,0.01717,1275,1651,,,,
arxiv/2010.11929v2.pdf,paper,22,hayro,1.8520,0.1044,0.01575,1275,1649,,,,
arxiv/2010.11929v2.pdf,paper,22,pdfjs,6.5703,0.3027,0.01381,1275,1651,,,,
arxiv/2010.11929v2.pdf,paper,22,cera-wasm,7.3144,0.2240,0.01566,1275,1651,,,,
arxiv/2010.11929v2.pdf,paper,22,pdfium-wasm,2.5387,0.0909,0.01795,1275,1651,,,,
pdfjs/TrueType_without_cmap.pdf,text,1,mupdf,1.0000,0.0000,0.01162,417,105,,,,
pdfjs/TrueType_without_cmap.pdf,text,1,cera,0.4023,0.1696,0.01167,417,105,1,48,0.4735,
pdfjs/TrueType_without_cmap.pdf,text,1,pdfium,0.8937,0.0358,0.01425,417,105,,,,
pdfjs/TrueType_without_cmap.pdf,text,1,hayro,0.4168,0.0663,0.01172,416,104,,,,
pdfjs/TrueType_without_cmap.pdf,text,1,pdfjs,5.8284,0.0466,0.01153,417,105,,,,
pdfjs/TrueType_without_cmap.pdf,text,1,cera-wasm,1.7644,0.0704,0.01167,417,105,,,,
pdfjs/TrueType_without_cmap.pdf,text,1,pdfium-wasm,0.8271,0.0133,0.01414,417,105,,,,
pdfjs/annotation-caret-ink.pdf,vector,1,mupdf,1.0000,0.0000,0.00173,1241,1754,,,,
pdfjs/annotation-caret-ink.pdf,vector,1,cera,0.3936,0.0812,0.00175,1241,1754,11,464,0.8578,
pdfjs/annotation-caret-ink.pdf,vector,1,pdfium,0.5659,0.1578,0.00185,1241,1754,,,,
pdfjs/annotation-caret-ink.pdf,vector,1,hayro,0.4318,0.2111,0.00174,1240,1753,,,,
pdfjs/annotation-caret-ink.pdf,vector,1,pdfjs,1.5784,0.2474,0.00169,1241,1754,,,,
pdfjs/annotation-caret-ink.pdf,vector,1,cera-wasm,0.8896,0.0593,0.00175,1241,1754,,,,
pdfjs/annotation-caret-ink.pdf,vector,1,pdfium-wasm,0.7594,0.1753,0.00186,1241,1754,,,,
pdfjs/bitmap-composite-and-xnor-text.pdf,scan,1,mupdf,1.0000,0.0000,0.06858,832,834,,,,
pdfjs/bitmap-composite-and-xnor-text.pdf,scan,1,cera,1.4303,0.1108,0.06839,832,834,1,48,1.1541,
pdfjs/bitmap-composite-and-xnor-text.pdf,scan,1,pdfium,1.9029,0.0817,0.07307,832,834,,,,
pdfjs/bitmap-composite-and-xnor-text.pdf,scan,1,hayro,1.1923,0.1877,0.06852,831,833,,,,
pdfjs/bitmap-composite-and-xnor-text.pdf,scan,1,pdfjs,4.6812,0.2658,0.06839,832,834,,,,
pdfjs/bitmap-composite-and-xnor-text.pdf,scan,1,cera-wasm,11.2784,0.1339,0.06839,832,834,,,,
pdfjs/bitmap-composite-and-xnor-text.pdf,scan,1,pdfium-wasm,6.3490,0.0955,0.07307,832,834,,,,
pdfjs/blendmode.pdf,transparency,1,mupdf,1.0000,0.0000,0.20584,1241,1754,,,,
pdfjs/blendmode.pdf,transparency,1,cera,0.6784,0.0318,0.20583,1241,1754,16,176,0.9941,
pdfjs/blendmode.pdf,transparency,1,pdfium,1.4925,0.0815,0.20714,1241,1754,,,,
pdfjs/blendmode.pdf,transparency,1,hayro,1.1245,0.0216,0.20599,1240,1753,,,,
pdfjs/blendmode.pdf,transparency,1,pdfjs,1.0584,0.1609,0.20273,1241,1754,,,,
pdfjs/blendmode.pdf,transparency,1,cera-wasm,5.9762,0.2165,0.20583,1241,1754,,,,
pdfjs/blendmode.pdf,transparency,1,pdfium-wasm,2.8915,0.0333,0.20670,1241,1754,,,,
pdfjs/ccitt_EndOfBlock_false.pdf,scan,1,mupdf,1.0000,0.0000,0.47074,1241,1754,,,,
pdfjs/ccitt_EndOfBlock_false.pdf,scan,1,cera,1.3442,0.1825,0.47391,1241,1754,1,48,0.9600,
pdfjs/ccitt_EndOfBlock_false.pdf,scan,1,pdfium,1.1023,0.0839,0.47022,1241,1754,,,,
pdfjs/ccitt_EndOfBlock_false.pdf,scan,1,hayro,0.8515,0.0380,0.47447,1240,1753,,,,
pdfjs/ccitt_EndOfBlock_false.pdf,scan,1,pdfjs,2.5705,0.2036,0.47141,1241,1754,,,,
pdfjs/ccitt_EndOfBlock_false.pdf,scan,1,cera-wasm,9.6629,0.2870,0.47391,1241,1754,,,,
pdfjs/ccitt_EndOfBlock_false.pdf,scan,1,pdfium-wasm,3.4270,0.3989,0.46969,1241,1754,,,,
pdfjs/cid_cff.pdf,text,1,mupdf,1.0000,0.0000,0.00428,1575,1170,,,,
pdfjs/cid_cff.pdf,text,1,cera,0.2469,0.0530,0.00438,1575,1171,2,64,0.7491,
pdfjs/cid_cff.pdf,text,1,pdfium,0.3579,0.0419,0.00441,1575,1170,,,,
pdfjs/cid_cff.pdf,text,1,hayro,0.2760,0.0673,0.00437,1575,1169,,,,
pdfjs/cid_cff.pdf,text,1,pdfjs,0.6771,0.1308,0.00435,1575,1171,,,,
pdfjs/cid_cff.pdf,text,1,cera-wasm,0.4176,0.0208,0.00438,1575,1171,,,,
pdfjs/cid_cff.pdf,text,1,pdfium-wasm,0.2704,0.0886,0.00441,1575,1170,,,,
pdfjs/clippath.pdf,vector,1,mupdf,1.0000,0.0000,0.36288,417,209,,,,
pdfjs/clippath.pdf,vector,1,cera,0.5718,0.0735,0.36288,417,209,1,48,0.6923,
pdfjs/clippath.pdf,vector,1,pdfium,0.9107,0.0744,0.36576,417,209,,,,
pdfjs/clippath.pdf,vector,1,hayro,0.4373,0.1349,0.36550,416,208,,,,
pdfjs/clippath.pdf,vector,1,pdfjs,5.3635,0.2628,0.36288,417,209,,,,
pdfjs/clippath.pdf,vector,1,cera-wasm,2.3512,0.1543,0.36288,417,209,,,,
pdfjs/clippath.pdf,vector,1,pdfium-wasm,0.5214,0.0465,0.36288,417,209,,,,
pdfjs/cmykjpeg.pdf,image,1,mupdf,1.0000,0.0000,0.06218,1275,1650,,,,
pdfjs/cmykjpeg.pdf,image,1,cera,0.7823,0.0522,0.06214,1275,1651,1,48,1.1768,
pdfjs/cmykjpeg.pdf,image,1,pdfium,1.3867,0.0184,0.06235,1275,1651,,,,
pdfjs/cmykjpeg.pdf,image,1,hayro,1.1800,0.1752,0.06222,1275,1649,,,,
pdfjs/cmykjpeg.pdf,image,1,pdfjs,4.1615,0.1623,0.06199,1275,1651,,,,
pdfjs/cmykjpeg.pdf,image,1,cera-wasm,2.3800,0.1659,0.06214,1275,1651,,,,
pdfjs/cmykjpeg.pdf,image,1,pdfium-wasm,1.8230,0.0372,0.06215,1275,1651,,,,
pdfjs/devicen.pdf,image,1,mupdf,1.0000,0.0000,0.03904,1275,1650,,,,
pdfjs/devicen.pdf,image,1,cera,1.0592,0.0842,0.03901,1275,1651,10,904,0.9780,
pdfjs/devicen.pdf,image,1,pdfium,1.4768,0.0765,0.03898,1275,1651,,,,
pdfjs/devicen.pdf,image,1,hayro,1.0002,0.0988,0.03907,1275,1649,,,,
pdfjs/devicen.pdf,image,1,pdfjs,3.4079,0.0861,0.03885,1275,1651,,,,
pdfjs/devicen.pdf,image,1,cera-wasm,1.6608,0.2265,0.03901,1275,1651,,,,
pdfjs/devicen.pdf,image,1,pdfium-wasm,1.0883,0.1004,0.03901,1275,1651,,,,
pdfjs/function_based_shading.pdf,shading,1,mupdf,1.0000,0.0000,0.47799,1275,1650,,,,
pdfjs/function_based_shading.pdf,shading,1,cera,0.0493,0.1655,0.47825,1275,1651,2,64,0.7726,
pdfjs/function_based_shading.pdf,shading,1,pdfium,0.7738,0.0467,0.47625,1275,1651,,,,
pdfjs/function_based_shading.pdf,shading,1,hayro,0.9334,0.0917,0.47709,1275,1649,,,,
pdfjs/function_based_shading.pdf,shading,1,pdfjs,1.7757,0.2500,0.47872,1275,1651,,,,
pdfjs/function_based_shading.pdf,shading,1,cera-wasm,0.4187,0.1428,0.47825,1275,1651,,,,
pdfjs/function_based_shading.pdf,shading,1,pdfium-wasm,2.0295,0.1519,0.47667,1275,1651,,,,
pdfjs/function_based_shading_cmyk.pdf,shading,1,mupdf,1.0000,0.0000,0.44398,605,605,,,,
pdfjs/function_based_shading_cmyk.pdf,shading,1,cera,0.0163,0.0902,0.44703,605,605,1,48,1.0201,
pdfjs/function_based_shading_cmyk.pdf,shading,1,pdfium,0.4282,0.2259,0.44762,605,605,,,,
pdfjs/function_based_shading_cmyk.pdf,shading,1,hayro,0.3406,0.1462,0.44910,604,604,,,,
pdfjs/function_based_shading_cmyk.pdf,shading,1,pdfjs,0.5299,0.0524,0.44691,605,605,,,,
pdfjs/function_based_shading_cmyk.pdf,shading,1,cera-wasm,0.1326,0.6454,0.44703,605,605,,,,
pdfjs/function_based_shading_cmyk.pdf,shading,1,pdfium-wasm,1.2576,0.2208,0.44397,605,605,,,,
pdfjs/function_based_shading_cmyk.pdf,shading,2,mupdf,1.0000,0.0000,0.91178,3917,2625,,,,
pdfjs/function_based_shading_cmyk.pdf,shading,2,cera,0.2739,0.0549,0.91293,3917,2625,1,48,0.9958,
pdfjs/function_based_shading_cmyk.pdf,shading,2,pdfium,13.0875,0.1967,0.91177,3917,2625,,,,
pdfjs/function_based_shading_cmyk.pdf,shading,2,hayro,8.7121,0.0362,0.91320,3916,2625,,,,
pdfjs/function_based_shading_cmyk.pdf,shading,2,pdfjs,9.6026,0.0258,0.91270,3917,2625,,,,
pdfjs/function_based_shading_cmyk.pdf,shading,2,cera-wasm,2.0082,0.0377,0.91293,3917,2625,,,,
pdfjs/function_based_shading_cmyk.pdf,shading,2,pdfium-wasm,25.1926,0.0155,0.91177,3917,2625,,,,
pdfjs/issue7847_radial.pdf,shading,1,mupdf,1.0000,0.0000,0.59898,1000,500,,,,
pdfjs/issue7847_radial.pdf,shading,1,cera,0.9436,0.1162,0.59620,1001,501,1,48,0.9600,
pdfjs/issue7847_radial.pdf,shading,1,pdfium,2.2361,0.1339,0.76781,1001,501,,,,
pdfjs/issue7847_radial.pdf,shading,1,hayro,0.2110,0.2511,0.60019,999,499,,,,
pdfjs/issue7847_radial.pdf,shading,1,pdfjs,2.5226,0.2473,0.70688,1001,501,,,,
pdfjs/issue7847_radial.pdf,shading,1,cera-wasm,5.9739,0.2068,0.59620,1001,501,,,,
pdfjs/issue7847_radial.pdf,shading,1,pdfium-wasm,2.1143,0.1076,0.76515,1001,501,,,,
pdfjs/jbig2_symbol_offset.pdf,scan,1,mupdf,1.0000,0.0000,0.00991,1241,1754,,,,
pdfjs/jbig2_symbol_offset.pdf,scan,1,cera,1.5201,0.1862,0.01041,1241,1754,1,48,0.9486,
pdfjs/jbig2_symbol_offset.pdf,scan,1,pdfium,2.0238,0.0132,0.00995,1241,1754,,,,
pdfjs/jbig2_symbol_offset.pdf,scan,1,hayro,1.6541,0.0435,0.01043,1240,1753,,,,
pdfjs/jbig2_symbol_offset.pdf,scan,1,pdfjs,4.4012,0.1677,0.00977,1241,1754,,,,
pdfjs/jbig2_symbol_offset.pdf,scan,1,cera-wasm,4.9110,0.0745,0.01041,1241,1754,,,,
pdfjs/jbig2_symbol_offset.pdf,scan,1,pdfium-wasm,1.7551,0.2162,0.00989,1241,1754,,,,
pdfjs/jp2k-resetprob.pdf,image,1,mupdf,1.0000,0.0000,1.00000,63,43,,,,
pdfjs/jp2k-resetprob.pdf,image,1,cera,0.2763,0.3233,1.00000,63,43,1,48,0.7022,
pdfjs/jp2k-resetprob.pdf,image,1,pdfium,3.6514,0.0312,1.00000,63,43,,,,
pdfjs/jp2k-resetprob.pdf,image,1,hayro,4.2537,0.0477,1.00000,62,42,,,,
pdfjs/jp2k-resetprob.pdf,image,1,pdfjs,36.9799,0.6616,0.96124,63,43,,,,
pdfjs/jp2k-resetprob.pdf,image,1,cera-wasm,1.8870,0.5698,1.00000,63,43,,,,
pdfjs/jp2k-resetprob.pdf,image,1,pdfium-wasm,6.1813,0.0217,1.00000,63,43,,,,
pdfjs/jpx_smaskindata.pdf,image,1,mupdf,1.0000,0.0000,0.98630,292,84,,,,
pdfjs/jpx_smaskindata.pdf,image,1,cera,0.4497,0.1032,0.84830,292,84,1,48,0.9133,
pdfjs/jpx_smaskindata.pdf,image,1,pdfium,0.9653,0.2779,0.86345,292,84,,,,
pdfjs/jpx_smaskindata.pdf,image,1,hayro,0.6116,0.4053,0.86350,291,83,,,,
pdfjs/jpx_smaskindata.pdf,image,1,pdfjs,15.0884,0.2075,0.97260,292,84,,,,
pdfjs/jpx_smaskindata.pdf,image,1,cera-wasm,3.3225,0.3036,0.84830,292,84,,,,
pdfjs/jpx_smaskindata.pdf,image,1,pdfium-wasm,1.6024,0.0873,0.86473,292,84,,,,
pdfjs/knockout_blend_multiply.pdf,transparency,1,mupdf,1.0000,0.0000,0.46048,417,334,,,,
pdfjs/knockout_blend_multiply.pdf,transparency,1,cera,0.6298,0.1738,0.45888,417,334,3,64,0.8557,
pdfjs/knockout_blend_multiply.pdf,transparency,1,pdfium,0.3351,0.1101,0.45888,417,334,,,,
pdfjs/knockout_blend_multiply.pdf,transparency,1,hayro,0.0831,0.1432,0.33554,416,333,,,,
pdfjs/knockout_blend_multiply.pdf,transparency,1,pdfjs,1.1728,0.1414,0.45888,417,334,,,,
pdfjs/knockout_blend_multiply.pdf,transparency,1,cera-wasm,5.5510,0.0422,0.45888,417,334,,,,
pdfjs/knockout_blend_multiply.pdf,transparency,1,pdfium-wasm,0.4739,0.1214,0.45838,417,334,,,,
pdfjs/knockout_nested.pdf,transparency,1,mupdf,1.0000,0.0000,0.25209,417,334,,,,
pdfjs/knockout_nested.pdf,transparency,1,cera,0.9790,0.0066,0.25190,417,334,3,64,1.0647,
pdfjs/knockout_nested.pdf,transparency,1,pdfium,0.2696,0.0411,0.29432,417,334,,,,
pdfjs/knockout_nested.pdf,transparency,1,hayro,0.1417,0.0755,0.29455,416,333,,,,
pdfjs/knockout_nested.pdf,transparency,1,pdfjs,3.3595,0.0711,0.29297,417,334,,,,
pdfjs/knockout_nested.pdf,transparency,1,cera-wasm,6.0552,0.0167,0.25190,417,334,,,,
pdfjs/knockout_nested.pdf,transparency,1,pdfium-wasm,0.2924,0.1105,0.29217,417,334,,,,
pdfjs/mmtype1.pdf,text,1,mupdf,1.0000,0.0000,0.08412,417,105,,,,
pdfjs/mmtype1.pdf,text,1,cera,0.4767,0.1894,0.08706,417,105,1,48,0.4986,
pdfjs/mmtype1.pdf,text,1,pdfium,1.1072,0.0327,0.09567,417,105,,,,
pdfjs/mmtype1.pdf,text,1,hayro,0.5635,0.0537,0.08601,416,104,,,,
pdfjs/mmtype1.pdf,text,1,pdfjs,5.6097,0.4966,0.08368,417,105,,,,
pdfjs/mmtype1.pdf,text,1,cera-wasm,2.4693,0.1141,0.08706,417,105,,,,
pdfjs/mmtype1.pdf,text,1,pdfium-wasm,1.4038,0.0713,0.09549,417,105,,,,
pdfjs/nonisolated_blend_smask.pdf,transparency,1,mupdf,1.0000,0.0000,0.29634,667,500,,,,
pdfjs/nonisolated_blend_smask.pdf,transparency,1,cera,0.5353,0.1645,0.29176,667,501,7,272,0.9509,
pdfjs/nonisolated_blend_smask.pdf,transparency,1,pdfium,0.5042,0.0802,0.29592,667,501,,,,
pdfjs/nonisolated_blend_smask.pdf,transparency,1,hayro,0.5502,0.1035,0.29364,666,499,,,,
pdfjs/nonisolated_blend_smask.pdf,transparency,1,pdfjs,2.4117,0.0950,0.28150,667,501,,,,
pdfjs/nonisolated_blend_smask.pdf,transparency,1,cera-wasm,3.1168,0.0116,0.29176,667,501,,,,
pdfjs/nonisolated_blend_smask.pdf,transparency,1,pdfium-wasm,0.7219,0.0997,0.29573,667,501,,,,
pdfjs/pattern_text_embedded_font.pdf,text,1,mupdf,1.0000,0.0000,0.10350,1241,1754,,,,
pdfjs/pattern_text_embedded_font.pdf,text,1,cera,0.6329,0.0219,0.10333,1241,1754,18,25832,1.0717,
pdfjs/pattern_text_embedded_font.pdf,text,1,pdfium,1.7308,0.0636,0.10385,1241,1754,,,,
pdfjs/pattern_text_embedded_font.pdf,text,1,hayro,0.4886,0.2444,0.10366,1240,1753,,,,
pdfjs/pattern_text_embedded_font.pdf,text,1,pdfjs,8.5063,0.0837,0.10304,1241,1754,,,,
pdfjs/pattern_text_embedded_font.pdf,text,1,cera-wasm,3.5244,0.0526,0.10333,1241,1754,,,,
pdfjs/pattern_text_embedded_font.pdf,text,1,pdfium-wasm,1.2050,0.0261,0.10335,1241,1754,,,,
pdfjs/radial_gradients.pdf,shading,1,mupdf,1.0000,0.0000,0.25375,1240,1755,,,,
pdfjs/radial_gradients.pdf,shading,1,cera,1.3054,0.1258,0.25503,1240,1755,9,560,1.0570,
pdfjs/radial_gradients.pdf,shading,1,pdfium,2.8036,0.1512,0.25436,1240,1755,,,,
pdfjs/radial_gradients.pdf,shading,1,hayro,0.3520,0.1393,0.25575,1239,1754,,,,
pdfjs/radial_gradients.pdf,shading,1,pdfjs,0.3743,0.4675,0.26123,1240,1755,,,,
pdfjs/radial_gradients.pdf,shading,1,cera-wasm,8.9059,0.2343,0.25503,1240,1755,,,,
pdfjs/radial_gradients.pdf,shading,1,pdfium-wasm,2.2752,0.1660,0.25602,1240,1755,,,,
pdfjs/radial_gradients.pdf,shading,2,mupdf,1.0000,0.0000,0.39108,1240,1755,,,,
pdfjs/radial_gradients.pdf,shading,2,cera,1.1166,0.1050,0.39357,1240,1755,9,560,0.8555,
pdfjs/radial_gradients.pdf,shading,2,pdfium,2.5882,0.0717,0.39895,1240,1755,,,,
pdfjs/radial_gradients.pdf,shading,2,hayro,0.2932,0.1311,0.39416,1239,1754,,,,
pdfjs/radial_gradients.pdf,shading,2,pdfjs,0.3725,0.0556,0.40614,1240,1755,,,,
pdfjs/radial_gradients.pdf,shading,2,cera-wasm,6.5379,0.4592,0.39357,1240,1755,,,,
pdfjs/radial_gradients.pdf,shading,2,pdfium-wasm,2.0863,0.0763,0.40056,1240,1755,,,,
pdfjs/radial_gradients.pdf,shading,3,mupdf,1.0000,0.0000,0.29034,1240,1755,,,,
pdfjs/radial_gradients.pdf,shading,3,cera,1.5670,0.1855,0.29197,1240,1755,9,560,0.9585,
pdfjs/radial_gradients.pdf,shading,3,pdfium,3.1802,0.2609,0.29131,1240,1755,,,,
pdfjs/radial_gradients.pdf,shading,3,hayro,3.8643,0.2313,0.29393,1239,1754,,,,
pdfjs/radial_gradients.pdf,shading,3,pdfjs,0.3459,1.1936,0.30304,1240,1755,,,,
pdfjs/radial_gradients.pdf,shading,3,cera-wasm,9.8848,0.1070,0.29197,1240,1755,,,,
pdfjs/radial_gradients.pdf,shading,3,pdfium-wasm,2.6325,0.1760,0.29302,1240,1755,,,,
pdfjs/radial_gradients.pdf,shading,4,mupdf,1.0000,0.0000,0.28220,1240,1755,,,,
pdfjs/radial_gradients.pdf,shading,4,cera,1.5046,0.1563,0.28385,1240,1755,17,1072,0.9933,
pdfjs/radial_gradients.pdf,shading,4,pdfium,3.3306,0.0821,0.28414,1240,1755,,,,
pdfjs/radial_gradients.pdf,shading,4,hayro,3.4754,0.1539,0.28600,1239,1754,,,,
pdfjs/radial_gradients.pdf,shading,4,pdfjs,0.4364,0.3375,0.29098,1240,1755,,,,
pdfjs/radial_gradients.pdf,shading,4,cera-wasm,7.8145,0.4018,0.28385,1240,1755,,,,
pdfjs/radial_gradients.pdf,shading,4,pdfium-wasm,2.5844,0.1589,0.28550,1240,1755,,,,
pdfjs/radial_gradients.pdf,shading,5,mupdf,1.0000,0.0000,0.29146,1240,1755,,,,
pdfjs/radial_gradients.pdf,shading,5,cera,1.5547,0.1999,0.29313,1240,1755,17,1072,1.0292,
pdfjs/radial_gradients.pdf,shading,5,pdfium,3.1612,0.1535,0.29344,1240,1755,,,,
pdfjs/radial_gradients.pdf,shading,5,hayro,4.2570,0.1232,0.29582,1239,1754,,,,
pdfjs/radial_gradients.pdf,shading,5,pdfjs,0.6413,0.2250,0.30192,1240,1755,,,,
pdfjs/radial_gradients.pdf,shading,5,cera-wasm,9.3594,0.2357,0.29313,1240,1755,,,,
pdfjs/radial_gradients.pdf,shading,5,pdfium-wasm,2.5939,0.1526,0.29478,1240,1755,,,,
pdfjs/simpletype3font.pdf,text,1,mupdf,1.0000,0.0000,0.00083,1275,1650,,,,
pdfjs/simpletype3font.pdf,text,1,cera,1.9478,0.0861,0.00087,1275,1651,1,48,1.0224,
pdfjs/simpletype3font.pdf,text,1,pdfium,2.3143,0.1250,0.00084,1275,1651,,,,
pdfjs/simpletype3font.pdf,text,1,hayro,2.1164,0.0844,0.00087,1275,1649,,,,
pdfjs/simpletype3font.pdf,text,1,pdfjs,4.6275,0.1672,0.00084,1275,1651,,,,
pdfjs/simpletype3font.pdf,text,1,cera-wasm,2.4428,0.2083,0.00087,1275,1651,,,,
pdfjs/simpletype3font.pdf,text,1,pdfium-wasm,1.6029,0.2603,0.00087,1275,1651,,,,
pdfjs/smask_alpha_bc.pdf,transparency,1,mupdf,1.0000,0.0000,1.00000,459,334,,,,
pdfjs/smask_alpha_bc.pdf,transparency,1,cera,2.9525,0.1992,0.99999,459,334,3,160,0.9764,
pdfjs/smask_alpha_bc.pdf,transparency,1,pdfium,2.0818,0.1228,1.00000,459,334,,,,
pdfjs/smask_alpha_bc.pdf,transparency,1,hayro,1.9645,0.1234,1.00000,458,333,,,,
pdfjs/smask_alpha_bc.pdf,transparency,1,pdfjs,9.7419,0.1191,1.00000,459,334,,,,
pdfjs/smask_alpha_bc.pdf,transparency,1,cera-wasm,13.0946,0.1171,0.99999,459,334,,,,
pdfjs/smask_alpha_bc.pdf,transparency,1,pdfium-wasm,2.7865,0.0679,1.00000,459,334,,,,
pdfjs/smaskdim.pdf,transparency,1,mupdf,1.0000,0.0000,0.00088,1275,1650,,,,
pdfjs/smaskdim.pdf,transparency,1,cera,0.4140,0.0918,0.00088,1275,1651,1,48,0.7894,
pdfjs/smaskdim.pdf,transparency,1,pdfium,0.4903,0.2037,0.00107,1275,1651,,,,
pdfjs/smaskdim.pdf,transparency,1,hayro,2.3434,0.0933,0.00090,1275,1649,,,,
pdfjs/smaskdim.pdf,transparency,1,pdfjs,3.3877,0.3292,0.00088,1275,1651,,,,
pdfjs/smaskdim.pdf,transparency,1,cera-wasm,1.1209,0.4131,0.00088,1275,1651,,,,
pdfjs/smaskdim.pdf,transparency,1,pdfium-wasm,0.5818,0.0514,0.00108,1275,1651,,,,
pdfjs/text_clip_cff_cid.pdf,text,1,mupdf,1.0000,0.0000,0.09830,1209,417,,,,
pdfjs/text_clip_cff_cid.pdf,text,1,cera,0.7936,0.1878,0.09902,1209,417,1,48,1.0134,
pdfjs/text_clip_cff_cid.pdf,text,1,pdfium,1.0003,0.2176,0.09895,1209,417,,,,
pdfjs/text_clip_cff_cid.pdf,text,1,hayro,0.5667,0.0840,0.09930,1208,416,,,,
pdfjs/text_clip_cff_cid.pdf,text,1,pdfjs,2.4976,0.3601,0.09816,1209,417,,,,
pdfjs/text_clip_cff_cid.pdf,text,1,cera-wasm,2.9200,0.1052,0.09902,1209,417,,,,
pdfjs/text_clip_cff_cid.pdf,text,1,pdfium-wasm,1.8527,0.1234,0.09895,1209,417,,,,
pdfjs/tiling-pattern-box.pdf,shading,1,mupdf,1.0000,0.0000,0.00925,1241,1754,,,,
pdfjs/tiling-pattern-box.pdf,shading,1,cera,0.2317,0.4544,0.00908,1241,1754,127,16688,0.7358,
pdfjs/tiling-pattern-box.pdf,shading,1,pdfium,0.1247,0.2796,0.00935,1241,1754,,,,
pdfjs/tiling-pattern-box.pdf,shading,1,hayro,50.5527,0.2750,0.01091,1240,1753,,,,
pdfjs/tiling-pattern-box.pdf,shading,1,pdfjs,0.7456,0.5061,0.00908,1241,1754,,,,
pdfjs/tiling-pattern-box.pdf,shading,1,cera-wasm,1.8476,0.1017,0.00908,1241,1754,,,,
pdfjs/tiling-pattern-box.pdf,shading,1,pdfium-wasm,0.1647,0.0390,0.00921,1241,1754,,,,
pdfjs/tiling_patterns_variations.pdf,shading,1,mupdf,1.0000,0.0000,0.16094,1250,1667,,,,
pdfjs/tiling_patterns_variations.pdf,shading,1,cera,1.3086,0.0432,0.16286,1250,1667,118,576920,0.8729,
pdfjs/tiling_patterns_variations.pdf,shading,1,pdfium,1.2501,0.2083,0.16027,1250,1667,,,,
pdfjs/tiling_patterns_variations.pdf,shading,1,hayro,1.1169,0.0607,0.16248,1250,1666,,,,
pdfjs/tiling_patterns_variations.pdf,shading,1,pdfjs,2.4693,0.2530,0.16423,1250,1667,,,,
pdfjs/tiling_patterns_variations.pdf,shading,1,cera-wasm,9.3077,0.0856,0.16286,1250,1667,,,,
pdfjs/tiling_patterns_variations.pdf,shading,1,pdfium-wasm,1.6067,0.0392,0.16046,1250,1667,,,,
pdfjs/tracemonkey.pdf,text,1,mupdf,1.0000,0.0000,0.11140,1275,1650,,,,
pdfjs/tracemonkey.pdf,text,1,cera,1.3309,0.1334,0.11240,1275,1651,1,48,0.4896,
pdfjs/tracemonkey.pdf,text,1,pdfium,1.4437,0.1286,0.13711,1275,1651,,,,
pdfjs/tracemonkey.pdf,text,1,hayro,2.9982,0.0425,0.11314,1275,1649,,,,
pdfjs/tracemonkey.pdf,text,1,pdfjs,8.0251,0.2357,0.10990,1275,1651,,,,
pdfjs/tracemonkey.pdf,text,1,cera-wasm,12.1779,0.1390,0.11240,1275,1651,,,,
pdfjs/tracemonkey.pdf,text,1,pdfium-wasm,3.7665,0.1657,0.13702,1275,1651,,,,
pdfjs/tracemonkey.pdf,text,2,mupdf,1.0000,0.0000,0.14202,1275,1650,,,,
pdfjs/tracemonkey.pdf,text,2,cera,0.6585,0.1197,0.14368,1275,1651,25,128,0.7380,
pdfjs/tracemonkey.pdf,text,2,pdfium,0.9042,0.1354,0.17382,1275,1651,,,,
pdfjs/tracemonkey.pdf,text,2,hayro,1.4868,0.2111,0.14512,1275,1649,,,,
pdfjs/tracemonkey.pdf,text,2,pdfjs,5.1325,0.2464,0.14066,1275,1651,,,,
pdfjs/tracemonkey.pdf,text,2,cera-wasm,6.2180,0.0759,0.14368,1275,1651,,,,
pdfjs/tracemonkey.pdf,text,2,pdfium-wasm,2.3178,0.0534,0.17359,1275,1651,,,,
pdfjs/tracemonkey.pdf,text,3,mupdf,1.0000,0.0000,0.09994,1275,1650,,,,
pdfjs/tracemonkey.pdf,text,3,cera,1.3264,0.0871,0.10099,1275,1651,1,48,0.6984,
pdfjs/tracemonkey.pdf,text,3,pdfium,1.4069,0.0228,0.12226,1275,1651,,,,
pdfjs/tracemonkey.pdf,text,3,hayro,3.2122,0.1438,0.10168,1275,1649,,,,
pdfjs/tracemonkey.pdf,text,3,pdfjs,8.1499,0.2251,0.09791,1275,1651,,,,
pdfjs/tracemonkey.pdf,text,3,cera-wasm,16.6051,0.2552,0.10099,1275,1651,,,,
pdfjs/tracemonkey.pdf,text,3,pdfium-wasm,4.2329,0.0195,0.12217,1275,1651,,,,
pdfjs/tracemonkey.pdf,text,4,mupdf,1.0000,0.0000,0.15442,1275,1650,,,,
pdfjs/tracemonkey.pdf,text,4,cera,1.2149,0.2532,0.15618,1275,1651,1,48,0.6048,
pdfjs/tracemonkey.pdf,text,4,pdfium,1.4110,0.1286,0.19111,1275,1651,,,,
pdfjs/tracemonkey.pdf,text,4,hayro,3.5774,0.1579,0.15719,1275,1649,,,,
pdfjs/tracemonkey.pdf,text,4,pdfjs,8.4090,0.2497,0.15245,1275,1651,,,,
pdfjs/tracemonkey.pdf,text,4,cera-wasm,13.1700,0.0244,0.15618,1275,1651,,,,
pdfjs/tracemonkey.pdf,text,4,pdfium-wasm,3.6498,0.0260,0.19098,1275,1651,,,,
pdfjs/tracemonkey.pdf,text,5,mupdf,1.0000,0.0000,0.16234,1275,1650,,,,
pdfjs/tracemonkey.pdf,text,5,cera,1.4067,0.0748,0.16378,1275,1651,1,48,0.7002,
pdfjs/tracemonkey.pdf,text,5,pdfium,1.5574,0.0719,0.20148,1275,1651,,,,
pdfjs/tracemonkey.pdf,text,5,hayro,3.4617,0.0948,0.16522,1275,1649,,,,
pdfjs/tracemonkey.pdf,text,5,pdfjs,8.5857,0.1540,0.16008,1275,1651,,,,
pdfjs/tracemonkey.pdf,text,5,cera-wasm,14.2465,0.0443,0.16378,1275,1651,,,,
pdfjs/tracemonkey.pdf,text,5,pdfium-wasm,3.9683,0.1270,0.20134,1275,1651,,,,
pdfjs/tracemonkey.pdf,text,6,mupdf,1.0000,0.0000,0.12600,1275,1650,,,,
pdfjs/tracemonkey.pdf,text,6,cera,1.0671,0.0885,0.12759,1275,1651,69,1792,0.6292,
pdfjs/tracemonkey.pdf,text,6,pdfium,1.3181,0.1082,0.15389,1275,1651,,,,
pdfjs/tracemonkey.pdf,text,6,hayro,2.2570,0.1834,0.12859,1275,1649,,,,
pdfjs/tracemonkey.pdf,text,6,pdfjs,7.5487,0.0245,0.12478,1275,1651,,,,
pdfjs/tracemonkey.pdf,text,6,cera-wasm,9.8540,0.2686,0.12759,1275,1651,,,,
pdfjs/tracemonkey.pdf,text,6,pdfium-wasm,3.4033,0.1656,0.15379,1275,1651,,,,
pdfjs/tracemonkey.pdf,text,7,mupdf,1.0000,0.0000,0.12358,1275,1650,,,,
pdfjs/tracemonkey.pdf,text,7,cera,0.8368,0.0056,0.12557,1275,1651,87,1184,0.6187,
pdfjs/tracemonkey.pdf,text,7,pdfium,0.9601,0.0854,0.15044,1275,1651,,,,
pdfjs/tracemonkey.pdf,text,7,hayro,1.5673,0.0847,0.12649,1275,1649,,,,
pdfjs/tracemonkey.pdf,text,7,pdfjs,6.0381,0.1145,0.12229,1275,1651,,,,
pdfjs/tracemonkey.pdf,text,7,cera-wasm,8.3414,0.2294,0.12557,1275,1651,,,,
pdfjs/tracemonkey.pdf,text,7,pdfium-wasm,2.3720,0.1659,0.15035,1275,1651,,,,
pdfjs/tracemonkey.pdf,text,8,mupdf,1.0000,0.0000,0.13584,1275,1650,,,,
pdfjs/tracemonkey.pdf,text,8,cera,1.4116,0.0229,0.13732,1275,1651,1,48,0.5723,
pdfjs/tracemonkey.pdf,text,8,pdfium,1.7452,0.0240,0.16883,1275,1651,,,,
pdfjs/tracemonkey.pdf,text,8,hayro,3.7443,0.1907,0.13850,1275,1649,,,,
pdfjs/tracemonkey.pdf,text,8,pdfjs,7.1622,0.4129,0.13430,1275,1651,,,,
pdfjs/tracemonkey.pdf,text,8,cera-wasm,13.2357,0.2414,0.13732,1275,1651,,,,
pdfjs/tracemonkey.pdf,text,8,pdfium-wasm,4.3483,0.1131,0.16872,1275,1651,,,,
pdfjs/tracemonkey.pdf,text,9,mupdf,1.0000,0.0000,0.15509,1275,1650,,,,
pdfjs/tracemonkey.pdf,text,9,cera,1.4200,0.3582,0.15687,1275,1651,1,48,0.6860,
pdfjs/tracemonkey.pdf,text,9,pdfium,1.5614,0.1936,0.19293,1275,1651,,,,
pdfjs/tracemonkey.pdf,text,9,hayro,3.3190,0.1376,0.15839,1275,1649,,,,
pdfjs/tracemonkey.pdf,text,9,pdfjs,7.2589,0.1602,0.15334,1275,1651,,,,
pdfjs/tracemonkey.pdf,text,9,cera-wasm,13.0847,0.0528,0.15687,1275,1651,,,,
pdfjs/tracemonkey.pdf,text,9,pdfium-wasm,3.8332,0.3216,0.19278,1275,1651,,,,
pdfjs/tracemonkey.pdf,text,10,mupdf,1.0000,0.0000,0.18581,1275,1650,,,,
pdfjs/tracemonkey.pdf,text,10,cera,1.0581,0.0229,0.18821,1275,1651,57,240,0.7720,
pdfjs/tracemonkey.pdf,text,10,pdfium,1.2636,0.0700,0.21843,1275,1651,,,,
pdfjs/tracemonkey.pdf,text,10,hayro,2.6984,0.2207,0.18917,1275,1649,,,,
pdfjs/tracemonkey.pdf,text,10,pdfjs,6.5789,0.2267,0.18432,1275,1651,,,,
pdfjs/tracemonkey.pdf,text,10,cera-wasm,11.9095,0.1388,0.18821,1275,1651,,,,
pdfjs/tracemonkey.pdf,text,10,pdfium-wasm,3.6147,0.1049,0.21824,1275,1651,,,,
pdfjs/tracemonkey.pdf,text,11,mupdf,1.0000,0.0000,0.15125,1275,1650,,,,
pdfjs/tracemonkey.pdf,text,11,cera,0.4558,0.1844,0.15298,1275,1651,46,208,0.7226,
pdfjs/tracemonkey.pdf,text,11,pdfium,1.2852,0.1982,0.17323,1275,1651,,,,
pdfjs/tracemonkey.pdf,text,11,hayro,0.9212,0.0499,0.15587,1275,1649,,,,
pdfjs/tracemonkey.pdf,text,11,pdfjs,7.8805,0.1027,0.14775,1275,1651,,,,
pdfjs/tracemonkey.pdf,text,11,cera-wasm,3.8032,0.0782,0.15298,1275,1651,,,,
pdfjs/tracemonkey.pdf,text,11,pdfium-wasm,3.0016,0.3059,0.17315,1275,1651,,,,
pdfjs/tracemonkey.pdf,text,12,mupdf,1.0000,0.0000,0.10637,1275,1650,,,,
pdfjs/tracemonkey.pdf,text,12,cera,1.3164,0.0700,0.10773,1275,1651,1,48,0.6305,
pdfjs/tracemonkey.pdf,text,12,pdfium,1.5170,0.2281,0.13251,1275,1651,,,,
pdfjs/tracemonkey.pdf,text,12,hayro,2.8861,0.0186,0.10852,1275,1649,,,,
pdfjs/tracemonkey.pdf,text,12,pdfjs,6.8763,0.1470,0.10537,1275,1651,,,,
pdfjs/tracemonkey.pdf,text,12,cera-wasm,11.3488,0.2571,0.10773,1275,1651,,,,
pdfjs/tracemonkey.pdf,text,12,pdfium-wasm,3.7225,0.1246,0.13245,1275,1651,,,,
pdfjs/tracemonkey.pdf,text,13,mupdf,1.0000,0.0000,0.17585,1275,1650,,,,
pdfjs/tracemonkey.pdf,text,13,cera,0.7030,0.0010,0.17951,1275,1651,1175,541544,0.4705,
pdfjs/tracemonkey.pdf,text,13,pdfium,1.7811,0.0242,0.20909,1275,1651,,,,
pdfjs/tracemonkey.pdf,text,13,hayro,1.8078,0.1279,0.18125,1275,1649,,,,
pdfjs/tracemonkey.pdf,text,13,pdfjs,7.8839,0.0902,0.17583,1275,1651,,,,
pdfjs/tracemonkey.pdf,text,13,cera-wasm,8.4366,0.2145,0.17951,1275,1651,,,,
pdfjs/tracemonkey.pdf,text,13,pdfium-wasm,6.3487,0.1356,0.20901,1275,1651,,,,
pdfjs/tracemonkey.pdf,text,14,mupdf,1.0000,0.0000,0.05803,1275,1650,,,,
pdfjs/tracemonkey.pdf,text,14,cera,1.4592,0.2203,0.05877,1275,1651,1,48,0.5121,
pdfjs/tracemonkey.pdf,text,14,pdfium,1.7557,0.0991,0.07206,1275,1651,,,,
pdfjs/tracemonkey.pdf,text,14,hayro,2.7799,0.4545,0.05955,1275,1649,,,,
pdfjs/tracemonkey.pdf,text,14,pdfjs,6.3399,0.2887,0.05723,1275,1651,,,,
pdfjs/tracemonkey.pdf,text,14,cera-wasm,11.5196,0.3489,0.05877,1275,1651,,,,
pdfjs/tracemonkey.pdf,text,14,pdfium-wasm,3.6733,0.5344,0.07200,1275,1651,,,,
pdfjs/transparency_group.pdf,transparency,1,mupdf,1.0000,0.0000,0.19216,1667,1250,,,,
pdfjs/transparency_group.pdf,transparency,1,cera,0.3679,0.2886,0.19213,1667,1250,4,64,1.0423,
pdfjs/transparency_group.pdf,transparency,1,pdfium,0.8318,0.1909,0.19219,1667,1250,,,,
pdfjs/transparency_group.pdf,transparency,1,hayro,0.2155,0.1548,0.19212,1666,1250,,,,
pdfjs/transparency_group.pdf,transparency,1,pdfjs,0.4811,0.5200,0.19204,1667,1250,,,,
pdfjs/transparency_group.pdf,transparency,1,cera-wasm,2.5155,0.0335,0.19213,1667,1250,,,,
pdfjs/transparency_group.pdf,transparency,1,pdfium-wasm,1.1066,0.2117,0.19214,1667,1250,,,,
synthetic/contours-3000.pdf,drawing,1,mupdf,1.0000,0.0000,0.36811,2481,1754,,,,
synthetic/contours-3000.pdf,drawing,1,cera,0.2928,0.0132,0.36652,2481,1754,43,2736,0.9428,
synthetic/contours-3000.pdf,drawing,1,pdfium,0.4958,0.0135,0.36674,2481,1754,,,,
synthetic/contours-3000.pdf,drawing,1,hayro,0.1966,0.0874,0.36911,2480,1753,,,,
synthetic/contours-3000.pdf,drawing,1,pdfjs,0.5025,0.2470,0.35912,2481,1754,,,,
synthetic/contours-3000.pdf,drawing,1,cera-wasm,2.6450,0.0996,0.36652,2481,1754,,,,
synthetic/contours-3000.pdf,drawing,1,pdfium-wasm,0.9608,0.0448,0.36677,2481,1754,,,,
synthetic/fills-subpixel.pdf,drawing,1,mupdf,1.0000,0.0000,0.10249,2481,1754,,,,
synthetic/fills-subpixel.pdf,drawing,1,cera,0.2474,0.3382,0.10267,2481,1754,129,8240,0.8837,
synthetic/fills-subpixel.pdf,drawing,1,pdfium,0.3877,0.0587,0.10223,2481,1754,,,,
synthetic/fills-subpixel.pdf,drawing,1,hayro,0.2047,0.1827,0.10293,2480,1753,,,,
synthetic/fills-subpixel.pdf,drawing,1,pdfjs,0.7254,0.1202,0.10251,2481,1754,,,,
synthetic/fills-subpixel.pdf,drawing,1,cera-wasm,1.3030,0.1418,0.10267,2481,1754,,,,
synthetic/fills-subpixel.pdf,drawing,1,pdfium-wasm,0.7181,0.2529,0.10218,2481,1754,,,,
synthetic/hatch-2000-0.35mm.pdf,drawing,1,mupdf,1.0000,0.0000,1.00000,2481,1754,,,,
synthetic/hatch-2000-0.35mm.pdf,drawing,1,cera,0.0201,0.0527,1.00000,2481,1754,1713,109616,0.9807,
synthetic/hatch-2000-0.35mm.pdf,drawing,1,pdfium,0.0812,0.1248,1.00000,2481,1754,,,,
synthetic/hatch-2000-0.35mm.pdf,drawing,1,hayro,0.0339,0.1568,1.00000,2480,1753,,,,
synthetic/hatch-2000-0.35mm.pdf,drawing,1,pdfjs,0.0222,0.0439,1.00000,2481,1754,,,,
synthetic/hatch-2000-0.35mm.pdf,drawing,1,cera-wasm,0.2007,0.0512,1.00000,2481,1754,,,,
synthetic/hatch-2000-0.35mm.pdf,drawing,1,pdfium-wasm,0.1627,0.0527,1.00000,2481,1754,,,,
synthetic/hatch-2000-hairline.pdf,drawing,1,mupdf,1.0000,0.0000,0.90626,2481,1754,,,,
synthetic/hatch-2000-hairline.pdf,drawing,1,cera,0.0162,0.2273,1.00000,2481,1754,1,48,1.0603,
synthetic/hatch-2000-hairline.pdf,drawing,1,pdfium,0.0623,0.1379,1.00000,2481,1754,,,,
synthetic/hatch-2000-hairline.pdf,drawing,1,hayro,0.0267,0.1106,1.00000,2480,1753,,,,
synthetic/hatch-2000-hairline.pdf,drawing,1,pdfjs,0.0204,0.6064,0.79836,2481,1754,,,,
synthetic/hatch-2000-hairline.pdf,drawing,1,cera-wasm,0.1713,0.2428,1.00000,2481,1754,,,,
synthetic/hatch-2000-hairline.pdf,drawing,1,pdfium-wasm,0.1773,0.3767,1.00000,2481,1754,,,,
synthetic/hatch-2000-maskclip.pdf,drawing,1,mupdf,1.0000,0.0000,0.39520,2481,1754,,,,
synthetic/hatch-2000-maskclip.pdf,drawing,1,cera,0.0301,0.0108,0.45046,2481,1754,1,48,0.9637,
synthetic/hatch-2000-maskclip.pdf,drawing,1,pdfium,0.1465,0.0154,0.45059,2481,1754,,,,
synthetic/hatch-2000-maskclip.pdf,drawing,1,hayro,0.0504,0.0413,0.45081,2480,1753,,,,
synthetic/hatch-2000-maskclip.pdf,drawing,1,pdfjs,0.0365,0.4544,0.35979,2481,1754,,,,
synthetic/hatch-2000-maskclip.pdf,drawing,1,cera-wasm,0.2238,0.0795,0.45046,2481,1754,,,,
synthetic/hatch-2000-maskclip.pdf,drawing,1,pdfium-wasm,0.3095,0.0181,0.45046,2481,1754,,,,
synthetic/joins-caps.pdf,drawing,1,mupdf,1.0000,0.0000,0.09064,2481,1754,,,,
synthetic/joins-caps.pdf,drawing,1,cera,0.2776,0.0227,0.09076,2481,1754,19,1200,0.9390,
synthetic/joins-caps.pdf,drawing,1,pdfium,0.4231,0.0135,0.09087,2481,1754,,,,
synthetic/joins-caps.pdf,drawing,1,hayro,0.2674,0.0374,0.09111,2480,1753,,,,
synthetic/joins-caps.pdf,drawing,1,pdfjs,0.4780,0.1449,0.09045,2481,1754,,,,
synthetic/joins-caps.pdf,drawing,1,cera-wasm,1.8042,0.0924,0.09076,2481,1754,,,,
synthetic/joins-caps.pdf,drawing,1,pdfium-wasm,0.7337,0.0439,0.09082,2481,1754,,,,
synthetic/short-20000-0.35mm.pdf,drawing,1,mupdf,1.0000,0.0000,0.23882,2481,1754,,,,
synthetic/short-20000-0.35mm.pdf,drawing,1,cera,0.3269,0.0411,0.23882,2481,1754,19,1200,0.8459,
synthetic/short-20000-0.35mm.pdf,drawing,1,pdfium,0.7189,0.0549,0.23837,2481,1754,,,,
synthetic/short-20000-0.35mm.pdf,drawing,1,hayro,0.3988,0.1002,0.24103,2480,1753,,,,
synthetic/short-20000-0.35mm.pdf,drawing,1,pdfjs,2.2458,0.0590,0.23796,2481,1754,,,,
synthetic/short-20000-0.35mm.pdf,drawing,1,cera-wasm,3.9102,0.1079,0.23882,2481,1754,,,,
synthetic/short-20000-0.35mm.pdf,drawing,1,pdfium-wasm,1.2680,0.0613,0.23832,2481,1754,,,,
synthetic/short-20000-hairline.pdf,drawing,1,mupdf,1.0000,0.0000,0.10287,2481,1754,,,,
synthetic/short-20000-hairline.pdf,drawing,1,cera,0.3490,0.0392,0.16090,2481,1754,1,48,0.8066,
synthetic/short-20000-hairline.pdf,drawing,1,pdfium,0.8113,0.0446,0.16062,2481,1754,,,,
synthetic/short-20000-hairline.pdf,drawing,1,hayro,0.3713,0.1202,0.16199,2480,1753,,,,
synthetic/short-20000-hairline.pdf,drawing,1,pdfjs,2.7203,0.0395,0.13166,2481,1754,,,,
synthetic/short-20000-hairline.pdf,drawing,1,cera-wasm,4.0940,0.1955,0.16090,2481,1754,,,,
synthetic/short-20000-hairline.pdf,drawing,1,pdfium-wasm,1.3749,0.0355,0.16064,2481,1754,,,,
